feature,mean,sd,min,q1,median,q3,max
feature_aberdeen_tangled_providence,0.49983416939596204,0.35468753542982906,0,0.25,0.5,0.75,1
feature_aberrant_frustrate_drosophila,0.49789602421126816,0.35363140548665134,0,0.25,0.5,0.75,1
feature_absent_herpetological_genitor,0.4983520583723726,0.3527828243516939,0,0.25,0.5,0.75,1
feature_abstersive_emotional_misinterpreter,0.501637577214875,0.35346896836382435,0,0.25,0.5,0.75,1
feature_accessorial_aroused_crochet,0.4990257452012769,0.35304597961676104,0,0.25,0.5,0.75,1
feature_accountable_ethnographic_counterexample,0.4998859914597239,0.35529705102097375,0,0.25,0.5,0.75,1
feature_accusatory_disinfectant_deportment,0.5004560341611044,0.35264312242272533,0,0.25,0.5,0.75,1
feature_acerb_venusian_piety,0.49841424484888686,0.3552205913608624,0,0.25,0.5,0.75,1
feature_acoustical_infirm_ascent,0.4960097010903362,0.35203615458464016,0,0.25,0.5,0.75,1
feature_acquirable_helvetic_tercel,0.5024045437585506,0.35407252400879735,0,0.25,0.5,0.75,1
feature_adducent_ailing_gene,0.5001865594295427,0.35453407401627945,0,0.25,0.5,0.75,1
feature_adept_unsensitive_hieroglyph,0.5034202562082832,0.35390312576160093,0,0.25,0.5,0.75,1
feature_adventive_eristic_wedlock,0.49868371958044855,0.3556663862094624,0,0.25,0.5,0.75,1
feature_adynamic_glossier_ghana,0.5011400854027611,0.35402030324534545,0,0.25,0.5,0.75,1
feature_aesthetical_daltonian_anemology,0.5011711786410182,0.3545285341373153,0,0.25,0.5,0.75,1
feature_affable_yellow_terne,0.49420629327142324,0.3538319506704917,0,0.25,0.5,0.75,1
feature_affined_pushier_haranguer,0.4991501181543054,0.3552121722146865,0,0.25,0.5,0.75,1
feature_affricative_bromic_raftsman,0.5006425935906471,0.3541313292174334,0,0.25,0.5,0.75,1
feature_afloat_brickiest_supernationalism,0.5018241366444177,0.3542003781431749,0,0.25,0.5,0.75,1
feature_aggrieved_rammish_tommy,0.5021454334397413,0.35427538418104787,0,0.25,0.5,0.75,1
feature_agile_unrespited_gaucho,0.49931594875834334,0.3524663582710748,0,0.25,0.5,0.75,1
feature_agronomic_cryptal_advisor,0.4996994320301812,0.35186722493507155,0,0.25,0.5,0.75,1
feature_airborne_genitival_cathouse,0.49751254093943037,0.3534786705019828,0,0.25,0.5,0.75,1
feature_aliped_subclavicular_nasopharynx,0.5002694747315617,0.35356061687012824,0,0.25,0.5,0.75,1
feature_alkaline_pistachio_sunstone,0.4990982960905435,0.3525504026360456,0,0.25,0.5,0.75,1
feature_alleviatory_novercal_semivowel,0.4987666348824676,0.3530708571335758,0,0.25,0.5,0.75,1
feature_alloyed_copyright_protium,0.5020625181377223,0.3543563226304414,0,0.25,0.5,0.75,1
feature_aloetic_presented_scarer,0.5008291530201898,0.35448198822030447,0,0.25,0.5,0.75,1
feature_altern_unnoticed_impregnation,0.4942581153351851,0.35412926340239637,0,0.25,0.5,0.75,1
feature_ambisexual_boiled_blunderer,0.5022179843290079,0.3532971525781578,0,0.25,0.5,0.75,1
feature_amoebaean_wolfish_heeler,0.5007047800671613,0.35599217962526564,0,0.25,0.5,0.75,1
feature_amoebic_scarabaeid_gypsum,0.5014510177853323,0.3553196313139448,0,0.25,0.5,0.75,1
feature_amphictyonic_secretarial_induline,0.4942892085734422,0.35498118736975687,0,0.25,0.5,0.75,1
feature_amygdaloidal_intersectional_canonry,0.49680776087226897,0.3544539629349119,0,0.25,0.5,0.75,1
feature_anoxic_froward_europe,0.5037726462418639,0.3547989929841311,0,0.25,0.5,0.75,1
feature_antarthritic_rhinocerotic_marquette,0.495781684009784,0.35211445438413247,0,0.25,0.5,0.75,1
feature_antediluvial_contributive_statecraft,0.500943161560466,0.35315980925600166,0,0.25,0.5,0.75,1
feature_antichristian_slangiest_idyllist,0.5016272128021226,0.3550379906269951,0,0.25,0.5,0.75,1
feature_antinomical_swart_coo,0.5013473736578086,0.3533382151612977,0,0.25,0.5,0.75,1
feature_antipathetical_terrorful_ife,0.4952012768956511,0.3533338641576243,0,0.25,0.5,0.75,1
feature_antiperspirant_degradable_voltaire,0.5005804071141329,0.3532082803615129,0,0.25,0.5,0.75,1
feature_antiphrastical_tipsy_chinquapin,0.5023423572820364,0.3540583039850846,0,0.25,0.5,0.75,1
feature_antipodal_unable_thievery,0.49423738650968035,0.35302964964606365,0,0.25,0.5,0.75,1
feature_antiscorbutic_visored_convalescent,0.4962066249326313,0.3520640928347723,0,0.25,0.5,0.75,1
feature_antisubmarine_foregoing_cryosurgery,0.4944964968284897,0.3545169856520795,0,0.25,0.5,0.75,1
feature_apogamic_obeisant_pondicherry,0.49966833879192407,0.3535459058949139,0,0.25,0.5,0.75,1
feature_apomictical_motorized_vaporisation,0.5042701380539779,0.35327097308167654,0,0.25,0.5,0.75,1
feature_apophthegmatical_catechetical_millet,0.5023527216947887,0.3524922510141663,0,0.25,0.5,0.75,1
feature_apostate_impercipient_knighthood,0.49907756726503877,0.35414900312239905,0,0.25,0.5,0.75,1
feature_appalachian_realistic_butyrate,0.5004042120973425,0.35385718459109333,0,0.25,0.5,0.75,1
feature_appraisive_anagrammatical_tentacle,0.49554330251647943,0.3541111841247659,0,0.25,0.5,0.75,1
feature_arborescent_fungal_despiser,0.5012022718792754,0.3509472572452628,0,0.25,0.5,0.75,1
feature_archaean_seething_hoyle,0.5024045437585506,0.3547743856252468,0,0.25,0.5,0.75,1
feature_architectonic_godlier_southland,0.49663156585547863,0.3532550494525938,0,0.25,0.5,0.75,1
feature_arillate_nickelic_hemorrhage,0.5016272128021226,0.35324535607392055,0,0.25,0.5,0.75,1
feature_aristotelian_eurasian_nooky,0.49978234733220017,0.35455232776399115,0,0.25,0.5,0.75,1
feature_arithmetic_delicate_pantagruelist,0.49550184486546994,0.35273963016680104,0,0.25,0.5,0.75,1
feature_arizonan_endurable_daw,0.4993366775838481,0.353486800593863,0,0.25,0.5,0.75,1
feature_armoured_finable_skywriter,0.4986733551676962,0.3523836474148547,0,0.25,0.5,0.75,1
feature_articulated_shamefaced_orzo,0.5040110277351685,0.35486575329757963,0,0.25,0.5,0.75,1
feature_assenting_darn_arthropod,0.49756436300319223,0.35231521663265364,0,0.25,0.5,0.75,1
feature_assertive_worsened_scarper,0.5046121636748062,0.35313094954797686,0,0.25,0.5,0.75,1
feature_astronomic_gripple_culverin,0.4950769039426226,0.35314142694841627,0,0.25,0.5,0.75,1
feature_atlantic_uveal_incommunicability,0.5010882633389993,0.35268214970193923,0,0.25,0.5,0.75,1
feature_attainable_solonian_impropriator,0.500860246258447,0.3547413189848534,0,0.25,0.5,0.75,1
feature_attributable_shagged_nourishment,0.498445338087144,0.35467686109347324,0,0.25,0.5,0.75,1
feature_attuned_southward_heckle,0.4966108370299739,0.35351882134488205,0,0.25,0.5,0.75,1
feature_auroral_glary_quamash,0.5013784668960657,0.35293819229117945,0,0.25,0.5,0.75,1
feature_autarkic_constabulary_dukedom,0.4957402263587745,0.3531867367118317,0,0.25,0.5,0.75,1
feature_autodidactic_gnarlier_pericardium,0.49718087973135444,0.3545740735367575,0,0.25,0.5,0.75,1
feature_auxetic_cholagogue_sexton,0.5016686704531321,0.35297364683095234,0,0.25,0.5,0.75,1
feature_avowed_cloying_anthropologist,0.5006840512416566,0.3534061171371471,0,0.25,0.5,0.75,1
feature_axillary_reluctant_shorty,0.5025392811243315,0.3545652260801075,0,0.25,0.5,0.75,1
feature_aztecan_encomiastic_pitcherful,0.49572986194602214,0.35267634497180506,0,0.25,0.5,0.75,1
feature_backswept_cryptogenic_baku,0.4989531943120103,0.3540462082627861,0,0.25,0.5,0.75,1
feature_baldish_cognitional_naha,0.4955536669292318,0.35505036843868754,0,0.25,0.5,0.75,1
feature_bareheaded_satisfied_copartner,0.501886323120932,0.35354102904236573,0,0.25,0.5,0.75,1
feature_barest_kempt_crowd,0.5026740184901124,0.3538070328481948,0,0.25,0.5,0.75,1
feature_basaltic_arid_scallion,0.49938849964760995,0.35523089916765094,0,0.25,0.5,0.75,1
feature_base_ingrain_calligrapher,0.49786493097301104,0.35264430164162774,0,0.25,0.5,0.75,1
feature_bathypelagic_companionate_disenchanter,0.49819659218108703,0.35370266952791346,0,0.25,0.5,0.75,1
feature_battled_beating_radiotelephony,0.4967973964595166,0.35537014424785374,0,0.25,0.5,0.75,1
feature_beady_unkind_barret,0.5037933750673687,0.35493020745409276,0,0.25,0.5,0.75,1
feature_beauish_seismal_lobe,0.502083246963227,0.3543635137383538,0,0.25,0.5,0.75,1
feature_bedded_neutral_relishing,0.4973570747481448,0.35399397390632203,0,0.25,0.5,0.75,1
feature_beery_somatologic_elimination,0.4999274491107334,0.3540697042005538,0,0.25,0.5,0.75,1
feature_behaviorist_microbiological_farina,0.49868371958044855,0.3536205598316976,0,0.25,0.5,0.75,1
feature_belgravian_salopian_sheugh,0.49412337796940425,0.35380861261796875,0,0.25,0.5,0.75,1
feature_belorussian_augitic_entrancement,0.49830023630861076,0.3552164167425404,0,0.25,0.5,0.75,1
feature_bhutan_imagism_dolerite,0.5010468056879898,0.3534455531544087,0,0.25,0.5,0.75,1
feature_biannual_maleficent_thack,0.49692176941254507,0.3533750410342956,0,0.25,0.5,0.75,1
feature_biased_puzzling_cessation,0.4964864640769454,0.35412545723555877,0,0.25,0.5,0.75,1
feature_bifacial_hexastyle_hemialgia,0.4978027444964968,0.35576766002709875,0,0.25,0.5,0.75,1
feature_biochemical_searching_sodalite,0.4990257452012769,0.3548542260797752,0,0.25,0.5,0.75,1
feature_bipinnate_oriented_earmuff,0.49725343062062105,0.35193026949172723,0,0.25,0.5,0.75,1
feature_bleeding_arabesque_pneuma,0.5002902035570664,0.3545413130286447,0,0.25,0.5,0.75,1
feature_bloodied_twinkling_andante,0.5053687658057294,0.35066448086994445,0,0.25,0.5,0.75,1
feature_blue_swedenborgianism_squinter,0.4996890676174288,0.35453398675090325,0,0.25,0.5,0.75,1
feature_bold_brindle_playground,0.4966730235064881,0.35354872988082997,0,0.25,0.5,0.75,1
feature_boyish_ductile_ninety,0.49542929397620333,0.3545156214563569,0,0.25,0.5,0.75,1
feature_brachydactylic_azonic_strife,0.4995646946644003,0.35597077397956556,0,0.25,0.5,0.75,1
feature_branched_dilatory_sunbelt,0.5000103644127524,0.3533224499291232,0,0.25,0.5,0.75,1
feature_brawny_confocal_frail,0.4981240412918204,0.35524106061534705,0,0.25,0.5,0.75,1
feature_brickier_heterostyled_scrutiny,0.500362754446333,0.35382061384061375,0,0.25,0.5,0.75,1
feature_bristly_encysted_vendue,0.5024667302350648,0.35445975461690554,0,0.25,0.5,0.75,1
feature_brittle_chautauqua_elite,0.5025496455370839,0.353969037444376,0,0.25,0.5,0.75,1
feature_brushed_psychiatrical_lubbock,0.501886323120932,0.3530202647288168,0,0.25,0.5,0.75,1
feature_bucktooth_stockish_sideropenia,0.4956780398822603,0.3548694044032223,0,0.25,0.5,0.75,1
feature_budgetary_surrounded_formicary,0.4968699473487832,0.35445451755847784,0,0.25,0.5,0.75,1
feature_built_reincarnate_sherbet,0.5029538576344265,0.3547008431450959,0,0.25,0.5,0.75,1
feature_burled_zinky_verdin,0.50061150035239,0.35486598972301914,0,0.25,0.5,0.75,1
feature_burning_incunabular_clodhopper,0.4947037850835372,0.3537152322538227,0,0.25,0.5,0.75,1
feature_bushwhacking_unaligned_imperturbability,0.5014510177853323,0.3542679377820709,0,0.25,0.5,0.75,1
feature_busty_unfitted_keratotomy,0.500860246258447,0.3543027774679189,0,0.25,0.5,0.75,1
feature_buxom_curtained_sienna,0.49967870320467644,0.35368147977462056,0,0.25,0.5,0.75,1
feature_cachectical_metaphysic_patency,0.4999585423489905,0.35295923583579586,0,0.25,0.5,0.75,1
feature_caecilian_unexperienced_ova,0.5005907715268852,0.3535419032345281,0,0.25,0.5,0.75,1
feature_caespitose_unverifiable_intent,0.5007462377181708,0.3551102629150184,0,0.25,0.5,0.75,1
feature_cairned_fumiest_ordaining,0.5027880270303885,0.35410264303855576,0,0.25,0.5,0.75,1
feature_calceolate_pudgy_armure,0.5014095601343228,0.3542388469002381,0,0.25,0.5,0.75,1
feature_calculating_unenchanted_microscopium,0.4999896355872476,0.3536010260598112,0,0.25,0.5,0.75,1
feature_calefactive_anapaestic_jerome,0.5010571701007421,0.35564903660385244,0,0.25,0.5,0.75,1
feature_calycled_living_birmingham,0.49911902491604826,0.3528222965440506,0,0.25,0.5,0.75,1
feature_calycled_necrologic_naboth,0.5010157124497326,0.35305320228259873,0,0.25,0.5,0.75,1
feature_cambial_bigoted_bacterioid,0.501720492516894,0.3538056309977663,0,0.25,0.5,0.75,1
feature_campestral_salted_romanism,0.5020728825504747,0.3546230659449348,0,0.25,0.5,0.75,1
feature_camphorated_spry_freemartin,0.49447576800298493,0.35440700923648993,0,0.25,0.5,0.75,1
feature_canalicular_peeling_lilienthal,0.5004871273993615,0.3537765206235262,0,0.25,0.5,0.75,1
feature_canonical_dermatographic_mellowing,0.49767837154346833,0.3548333636424741,0,0.25,0.5,0.75,1
feature_capitate_plaguy_hooper,0.5037104597653497,0.3529030230700757,0,0.25,0.5,0.75,1
feature_capsulate_rival_marcel,0.5001347373657808,0.3533737575500242,0,0.25,0.5,0.75,1
feature_caressive_cognate_cubature,0.49464159860702295,0.35463613465421967,0,0.25,0.5,0.75,1
feature_carnassial_undecided_suspensor,0.5026740184901124,0.35352861904831706,0,0.25,0.5,0.75,1
feature_casemated_ibsenian_grantee,0.499056838439534,0.3546534432429547,0,0.25,0.5,0.75,1
feature_castrated_presented_quizzer,0.49782347332200155,0.3534220725624723,0,0.25,0.5,0.75,1
feature_casuistic_barbarian_monochromy,0.5026740184901124,0.3540925457005616,0,0.25,0.5,0.75,1
feature_catercorner_seemliest_prepostor,0.5017723145806559,0.35278956641854403,0,0.25,0.5,0.75,1
feature_caudated_judicial_crossette,0.49599933667758384,0.3529218795534691,0,0.25,0.5,0.75,1
feature_cauterant_paly_discant,0.5010675345134945,0.3527483312482655,0,0.25,0.5,0.75,1
feature_centric_shaggier_cranko,0.49856971104017245,0.3545458552508768,0,0.25,0.5,0.75,1
feature_centroclinal_incentive_lancelet,0.5046639857385681,0.35227437421213464,0,0.25,0.5,0.75,1
feature_cerebrovascular_weeny_advocate,0.501720492516894,0.35286693612273495,0,0.25,0.5,0.75,1
feature_chafed_undenominational_backstitch,0.5009327971477137,0.3543940014934433,0,0.25,0.5,0.75,1
feature_chaldean_vixenly_propylite,0.49553293810372706,0.35399029404580434,0,0.25,0.5,0.75,1
feature_chaotic_granitoid_theist,0.5015857551511131,0.352805143842583,0,0.25,0.5,0.75,1
feature_chartered_conceptual_spitting,0.49721197296961156,0.35605838102167975,0,0.25,0.5,0.75,1
feature_cheering_protonemal_herd,0.5021039757887318,0.3544365066996572,0,0.25,0.5,0.75,1
feature_chelonian_pyknic_delphi,0.4960822519796028,0.3533630638958657,0,0.25,0.5,0.75,1
feature_childing_funest_turbidity,0.4957505907715269,0.353806265884581,0,0.25,0.5,0.75,1
feature_chillier_consultatory_latest,0.49718087973135444,0.35358612353821,0,0.25,0.5,0.75,1
feature_chinked_preborn_hideaway,0.5009224327349613,0.3538635358223962,0,0.25,0.5,0.75,1
feature_chopfallen_fasciate_orchidologist,0.4991812113925625,0.35531071171942213,0,0.25,0.5,0.75,1
feature_christadelphian_euclidean_boon,0.5019174163591891,0.35263453024242347,0,0.25,0.5,0.75,1
feature_chuffier_analectic_conchiolin,0.4987666348824676,0.3551417398227569,0,0.25,0.5,0.75,1
feature_churrigueresque_talc_archaicism,0.5036897309398449,0.3532188290683121,0,0.25,0.5,0.75,1
feature_citified_certified_progestin,0.49877699929521996,0.3529204102651547,0,0.25,0.5,0.75,1
feature_clarified_mimic_slash,0.49603042991584095,0.35469823518843374,0,0.25,0.5,0.75,1
feature_clashing_disheartening_rattler,0.5020210604867128,0.3538443205773721,0,0.25,0.5,0.75,1
feature_clawed_unwept_adaptability,0.5014510177853323,0.35273594331153296,0,0.25,0.5,0.75,1
feature_cleanly_kickable_miriam,0.4984764313254011,0.35227621060658776,0,0.25,0.5,0.75,1
feature_clerkish_flowing_chapati,0.49901538078852453,0.35395122890265096,0,0.25,0.5,0.75,1
feature_close_abloom_boomlet,0.5029227643961693,0.3523446074996502,0,0.25,0.5,0.75,1
feature_coactive_prefatorial_lucy,0.4992952199328386,0.35317137109433033,0,0.25,0.5,0.75,1
feature_coalier_typhoid_muntin,0.4961962605198789,0.3538076762340454,0,0.25,0.5,0.75,1
feature_coelomate_orbiculate_osteology,0.500248745906057,0.3540732834174868,0,0.25,0.5,0.75,1
feature_coenobitical_undistinguished_elsan,0.4942995729861946,0.3540640730120899,0,0.25,0.5,0.75,1
feature_collective_stigmatic_handfasting,0.5007669665436756,0.35514670147062033,0,0.25,0.5,0.75,1
feature_commensurable_industrial_jungfrau,0.4967559388085071,0.35265421289528487,0,0.25,0.5,0.75,1
feature_communicatory_unrecommended_velure,0.495781684009784,0.351119583789574,0,0.25,0.5,0.75,1
feature_compliable_buccaneerish_lyddite,0.5004767629866091,0.3529589162611249,0,0.25,0.5,0.75,1
feature_compurgatorial_demeaning_purser,0.4980618548153062,0.35466401378579754,0,0.25,0.5,0.75,1
feature_conceding_ingrate_tablespoonful,0.5027154761411219,0.35247126462229883,0,0.25,0.5,0.75,1
feature_concessible_carpal_telesthesia,0.504384146594254,0.35396937006753243,0,0.25,0.5,0.75,1
feature_conciliable_fleeting_equestrienne,0.5005389494631234,0.3540070898125062,0,0.25,0.5,0.75,1
feature_confiscatory_triennial_pelting,0.4974607188756685,0.35294643283935756,0,0.25,0.5,0.75,1
feature_congealed_lee_steek,0.49791675303677296,0.353587560893917,0,0.25,0.5,0.75,1
feature_congenerical_anodal_chelation,0.4990257452012769,0.35330277166548013,0,0.25,0.5,0.75,1
feature_congenial_transmigrant_isobel,0.5037933750673687,0.35295353579764865,0,0.25,0.5,0.75,1
feature_congenital_conched_perithecium,0.5009017039094565,0.3529397324245024,0,0.25,0.5,0.75,1
feature_conjugal_postvocalic_rowe,0.4975747274159446,0.354057745706735,0,0.25,0.5,0.75,1
feature_conjunctional_maned_banian,0.5023216284565316,0.35397060647605044,0,0.25,0.5,0.75,1
feature_conscionable_insouciant_pariah,0.5017826789934082,0.35385658622582283,0,0.25,0.5,0.75,1
feature_consecrate_legislative_cavitation,0.49874590605696284,0.35408944511715645,0,0.25,0.5,0.75,1
feature_contaminative_intrusive_tagrag,0.49774055801998257,0.3546949884660842,0,0.25,0.5,0.75,1
feature_continental_archival_katmandu,0.4957505907715269,0.35341055874566357,0,0.25,0.5,0.75,1
feature_continuate_unprocurable_haversine,0.5019174163591891,0.3535445264057515,0,0.25,0.5,0.75,1
feature_contorted_weaponed_piaffe,0.49803076157704906,0.3549158135512479,0,0.25,0.5,0.75,1
feature_contraband_pyorrhoeal_vernalisation,0.5018137722316653,0.35473042035057023,0,0.25,0.5,0.75,1
feature_contradictory_museful_somatotropin,0.5028916711579122,0.35340594660890745,0,0.25,0.5,0.75,1
feature_contralto_unblushing_beowulf,0.4989531943120103,0.3529393318687354,0,0.25,0.5,0.75,1
feature_contused_festal_geochemistry,0.4965382861407073,0.3544733642425208,0,0.25,0.5,0.75,1
feature_conventionalized_volitant_citadel,0.5012955515940467,0.3552217683742004,0,0.25,0.5,0.75,1
feature_coordinated_undecipherable_gag,0.49498362422785125,0.3541402839767593,0,0.25,0.5,0.75,1
feature_correlative_nociceptive_development,0.4992641266945815,0.3543908092749328,0,0.25,0.5,0.75,1
feature_corrugated_dotiest_committeewoman,0.4960822519796028,0.353076961154382,0,0.25,0.5,0.75,1
feature_corticate_unuttered_langur,0.49789602421126816,0.35359476642100973,0,0.25,0.5,0.75,1
feature_cottony_ischaemic_venery,0.4947037850835372,0.35338542212880236,0,0.25,0.5,0.75,1
feature_counter_arbitral_gyration,0.49689067617428795,0.3535177286089631,0,0.25,0.5,0.75,1
feature_covalent_methodological_brash,0.49916048256705775,0.3553252486509438,0,0.25,0.5,0.75,1
feature_covalent_unreformed_frogbit,0.49639318436217406,0.35298485626095216,0,0.25,0.5,0.75,1
feature_coveted_finniest_lipogram,0.49997927117449525,0.3541684951451534,0,0.25,0.5,0.75,1
feature_crablike_panniered_gloating,0.49412337796940425,0.3542916512756784,0,0.25,0.5,0.75,1
feature_crawlier_residuary_biracialism,0.5037622818291115,0.3535223769674982,0,0.25,0.5,0.75,1
feature_craziest_cordate_ravishment,0.49378135234857595,0.35326405044784537,0,0.25,0.5,0.75,1
feature_creedal_greediest_vibrant,0.5059180796816053,0.35311147722095915,0,0.25,0.5,0.75,1
feature_criticisable_authentical_deprecation,0.4989842875502674,0.35308989754470965,0,0.25,0.5,0.75,1
feature_cromwellian_imbecilic_algonkian,0.5020314248994652,0.351732590327752,0,0.25,0.5,0.75,1
feature_crookbacked_irreplaceable_heresiography,0.5026740184901124,0.35499880443865833,0,0.25,0.5,0.75,1
feature_croupiest_shaded_thermotropism,0.5006736868289042,0.35374691559045546,0,0.25,0.5,0.75,1
feature_crowning_frustrate_kampala,0.500362754446333,0.3539524125650767,0,0.25,0.5,0.75,1
feature_ctenoid_moaning_fontainebleau,0.49860080427842957,0.35572434901937333,0,0.25,0.5,0.75,1
feature_culinary_pro_offering,0.5044877907217777,0.3536897841004837,0,0.25,0.5,0.75,1
feature_cupulate_mettlesome_extensimeter,0.49400936942912815,0.35530126157864167,0,0.25,0.5,0.75,1
feature_curling_aurorean_iseult,0.5041975871647113,0.3544690686917355,0,0.25,0.5,0.75,1
feature_curtained_gushier_tranquilizer,0.5013577380705609,0.35434509898410377,0,0.25,0.5,0.75,1
feature_curvier_antinodal_absolute,0.4993988640603623,0.35456284739091515,0,0.25,0.5,0.75,1
feature_cut_rouged_defilement,0.5019174163591891,0.35400596702425874,0,0.25,0.5,0.75,1
feature_cymose_prima_guardhouse,0.5014510177853323,0.35346978347037916,0,0.25,0.5,0.75,1
feature_cyrenaic_unschooled_silurian,0.5007047800671613,0.354621117199236,0,0.25,0.5,0.75,1
feature_daytime_suppurative_oximeter,0.5002280170805522,0.3557088166858936,0,0.25,0.5,0.75,1
feature_deathy_hylomorphic_christine,0.4982069565938394,0.3525910930410782,0,0.25,0.5,0.75,1
feature_deceased_peppiest_hitlerism,0.49643464201318355,0.3532861239472601,0,0.25,0.5,0.75,1
feature_decent_solo_stickup,0.50061150035239,0.3538715323040257,0,0.25,0.5,0.75,1
feature_deformed_unenslaved_graniteware,0.499139753741553,0.35504797575349695,0,0.25,0.5,0.75,1
feature_degenerate_officinal_feasibility,0.5023216284565316,0.3533918207486902,0,0.25,0.5,0.75,1
feature_deliberative_connatural_kinetoscope,0.4986215331039343,0.3524312422488803,0,0.25,0.5,0.75,1
feature_delimited_doable_jim,0.5037311885908544,0.3524325672670336,0,0.25,0.5,0.75,1
feature_deliquescent_lintiest_protamine,0.4999585423489905,0.353575374630182,0,0.25,0.5,0.75,1
feature_demisable_expiring_millepede,0.5024770946478172,0.3537828323104374,0,0.25,0.5,0.75,1
feature_demure_groutiest_housedog,0.49923303345632436,0.35174498733605625,0,0.25,0.5,0.75,1
feature_dendritic_prothallium_sweeper,0.5022801708055221,0.3528637632733257,0,0.25,0.5,0.75,1
feature_dentilingual_removed_osmometer,0.5004767629866091,0.35298828061727,0,0.25,0.5,0.75,1
feature_dermal_extortive_inversion,0.4991708469798101,0.3531417518335137,0,0.25,0.5,0.75,1
feature_derogative_sawdusty_photolithography,0.4974918121139256,0.3532512022394532,0,0.25,0.5,0.75,1
feature_descendent_decanal_hon,0.500528585050371,0.35394488288703335,0,0.25,0.5,0.75,1
feature_desiderative_commiserative_epizoa,0.5020210604867128,0.353521960662793,0,0.25,0.5,0.75,1
feature_designer_notchy_epiploon,0.5005700427013805,0.3525878424541464,0,0.25,0.5,0.75,1
feature_destructive_winterweight_towbar,0.49825877865760126,0.35406177075256506,0,0.25,0.5,0.75,1
feature_devoted_straggly_charlotte,0.5015235686745989,0.353487804686137,0,0.25,0.5,0.75,1
feature_dextrogyrate_permitted_mystagogy,0.4960200655030886,0.3531129584916683,0,0.25,0.5,0.75,1
feature_diabasic_prescribed_autograft,0.4986733551676962,0.3550574864910239,0,0.25,0.5,0.75,1
feature_dichasial_hammier_spawner,0.4989842875502674,0.35282560647429556,0,0.25,0.5,0.75,1
feature_difficile_oxalic_spheroid,0.49684921852327846,0.35309197735100434,0,0.25,0.5,0.75,1
feature_dipped_sent_giuseppe,0.49960615231540983,0.35402923926893126,0,0.25,0.5,0.75,1
feature_direst_interrupted_paloma,0.4972327017951163,0.352548044480276,0,0.25,0.5,0.75,1
feature_dirtiest_possessory_nuku'alofa,0.4999274491107334,0.3535130710729105,0,0.25,0.5,0.75,1
feature_discrepant_ventral_shicker,0.504829816342606,0.3553189377571357,0,0.25,0.5,0.75,1
feature_dismaying_chaldean_tallith,0.5008395174329423,0.3544709988775851,0,0.25,0.5,0.75,1
feature_dispiriting_araeostyle_jersey,0.5000103644127524,0.3533957807277695,0,0.25,0.5,0.75,1
feature_dissilient_stunning_ribwort,0.5001969238422951,0.3538500378396109,0,0.25,0.5,0.75,1
feature_distorted_bit_frilling,0.5029020355706646,0.35329953005896586,0,0.25,0.5,0.75,1
feature_diverticular_punjabi_matronship,0.49946105053687656,0.3546433282669872,0,0.25,0.5,0.75,1
feature_divulsive_cordial_bremsstrahlung,0.5006840512416566,0.3545407718728137,0,0.25,0.5,0.75,1
feature_doctrinal_popular_disqualifying,0.5052651216782057,0.3536973817758303,0,0.25,0.5,0.75,1
feature_doggish_whacking_headscarf,0.5013577380705609,0.3545571031436869,0,0.25,0.5,0.75,1
feature_dorsolumbar_dolesome_marshmallow,0.49979271174495254,0.3539927997903767,0,0.25,0.5,0.75,1
feature_dovetailed_winy_hanaper,0.49763691389245884,0.35319351547505295,0,0.25,0.5,0.75,1
feature_down_delinquent_madagascar,0.4982069565938394,0.35481817166679935,0,0.25,0.5,0.75,1
feature_dozier_mad_outrush,0.4989946519630198,0.3527044365778226,0,0.25,0.5,0.75,1
feature_draconic_contractible_romper,0.5015442975001037,0.35331174103965557,0,0.25,0.5,0.75,1
feature_drawable_exhortative_dispersant,0.4988702790099913,0.35537548842563293,0,0.25,0.5,0.75,1
feature_dreary_gristlier_matchbox,0.4966004726172215,0.35280334552228515,0,0.25,0.5,0.75,1
feature_dreary_penal_acroterium,0.5001140085402761,0.3531903978745283,0,0.25,0.5,0.75,1
feature_driving_neurasthenic_perimysium,0.501108992164504,0.35318867512229696,0,0.25,0.5,0.75,1
feature_dropping_naevoid_swag,0.4995646946644003,0.35273865927225745,0,0.25,0.5,0.75,1
feature_dropsical_suctorial_mnemosyne,0.4997616185066954,0.35423791377639213,0,0.25,0.5,0.75,1
feature_durative_cuboidal_mirepoix,0.4975436341776875,0.35360715009346655,0,0.25,0.5,0.75,1
feature_dustiest_algonkian_plasticity,0.49502508187886074,0.3534524117509055,0,0.25,0.5,0.75,1
feature_dwarfish_equestrian_vaporizer,0.4992641266945815,0.35515041532591557,0,0.25,0.5,0.75,1
feature_dyeline_catechistic_placet,0.5002280170805522,0.35362659998694584,0,0.25,0.5,0.75,1
feature_dyspeptic_disseminative_anglophobia,0.4998134405704573,0.35487011851525596,0,0.25,0.5,0.75,1
feature_earthlier_parian_pistachio,0.49878736370797233,0.3530048711715344,0,0.25,0.5,0.75,1
feature_eating_lanose_linguini,0.5029745864599312,0.3542255042388902,0,0.25,0.5,0.75,1
feature_echoic_dustproof_indiscernibility,0.5039592056714066,0.3535898519618184,0,0.25,0.5,0.75,1
feature_eclectic_citified_testator,0.5000207288255047,0.35441716278293756,0,0.25,0.5,0.75,1
feature_ectodermal_unfeigning_chester,0.5007255088926661,0.35339870227443226,0,0.25,0.5,0.75,1
feature_edge_hanoverian_cockneyfication,0.5013162804195515,0.3523653023579826,0,0.25,0.5,0.75,1
feature_elating_apeak_hoodwinker,0.502912399983417,0.3543869174030222,0,0.25,0.5,0.75,1
feature_elating_diluvian_telepathist,0.49947141494962893,0.35300655830286565,0,0.25,0.5,0.75,1
feature_elegiac_isolationism_lookout,0.4999585423489905,0.3527168868388519,0,0.25,0.5,0.75,1
feature_embryo_sloping_albertine,0.50061150035239,0.35386420976692723,0,0.25,0.5,0.75,1
feature_emissive_perinephric_conveniency,0.4952220057211558,0.35268819800908985,0,0.25,0.5,0.75,1
feature_emmetropic_heraclitean_conducting,0.49700468471456405,0.35540111693225257,0,0.25,0.5,0.75,1
feature_encased_jutting_gasometer,0.49986526263421915,0.35527516384359686,0,0.25,0.5,0.75,1
feature_encompassing_skeptical_salience,0.49848679573815347,0.35488154471778144,0,0.25,0.5,0.75,1
feature_endangered_unthreaded_firebrick,0.5012851871812943,0.35277331471548046,0,0.25,0.5,0.75,1
feature_enlightening_mirthful_laurencin,0.4966833879192405,0.3557444178604491,0,0.25,0.5,0.75,1
feature_enorm_taboo_abysm,0.49614443845611705,0.3541694575702982,0,0.25,0.5,0.75,1
feature_enslaved_fattest_radiotelegraph,0.5006425935906471,0.3538531705759787,0,0.25,0.5,0.75,1
feature_epicurean_fetal_seising,0.5005700427013805,0.35331465628807773,0,0.25,0.5,0.75,1
feature_epidermic_scruffiest_prosperity,0.5055138675842626,0.35300426192768314,0,0.25,0.5,0.75,1
feature_epitaxial_loathsome_essen,0.49501471746610837,0.3545758110686569,0,0.25,0.5,0.75,1
feature_equalized_statuary_more,0.49663156585547863,0.35377546815866906,0,0.25,0.5,0.75,1
feature_equipotent_undefeated_anointer,0.5005596782886281,0.35513979241071864,0,0.25,0.5,0.75,1
feature_equiprobable_unsisterly_mississauga,0.5001243729530285,0.3542489443136154,0,0.25,0.5,0.75,1
feature_eradicable_douce_teleconference,0.5009846192114755,0.3540317486825101,0,0.25,0.5,0.75,1
feature_eruptive_seasoned_pharmacognosy,0.5033995273827785,0.352810690077475,0,0.25,0.5,0.75,1
feature_escutcheoned_timocratic_kotwal,0.5015857551511131,0.35324554462217567,0,0.25,0.5,0.75,1
feature_estuarine_candescent_podunk,0.4996579743791717,0.3559745154508123,0,0.25,0.5,0.75,1
feature_euterpean_frazzled_williamsburg,0.5005804071141329,0.35591232792641525,0,0.25,0.5,0.75,1
feature_evaporative_largo_aster,0.5009017039094565,0.35392216540974625,0,0.25,0.5,0.75,1
feature_exacerbating_presentationism_apagoge,0.4983313295468679,0.35309108470305084,0,0.25,0.5,0.75,1
feature_exorbitant_myeloid_crinkle,0.5012126362920277,0.35419202603903666,0,0.25,0.5,0.75,1
feature_expressed_abhominable_pruning,0.4961237096306123,0.35306274058795634,0,0.25,0.5,0.75,1
feature_exsanguine_ethereal_archon,0.504912731644625,0.35436848749504196,0,0.25,0.5,0.75,1
feature_exterminated_grumbling_lawing,0.5029745864599312,0.3537350500460391,0,0.25,0.5,0.75,1
feature_extractable_serrulate_swing,0.49740889681190664,0.3527514484922504,0,0.25,0.5,0.75,1
feature_extrorse_idling_vinificator,0.5004767629866091,0.35358971251121935,0,0.25,0.5,0.75,1
feature_eyed_scotistic_diabolism,0.4999585423489905,0.35401481723016254,0,0.25,0.5,0.75,1
feature_faced_moline_gavotte,0.4997305252684383,0.3534946506109263,0,0.25,0.5,0.75,1
feature_faeroese_inapposite_plum,0.5053998590439865,0.353852826610835,0,0.25,0.5,0.75,1
feature_fake_lentoid_helotism,0.5038659259566353,0.35446553105110135,0,0.25,0.5,0.75,1
feature_fake_trident_agitator,0.5042079515774637,0.3539824890096865,0,0.25,0.5,0.75,1
feature_faltering_tergal_tip,0.4969528626508022,0.3550103959543856,0,0.25,0.5,0.75,1
feature_farcical_spinal_samantha,0.4943410306372041,0.35436466813388845,0,0.25,0.5,0.75,1
feature_faustian_unventilated_lackluster,0.4988702790099913,0.35425813656992544,0,0.25,0.5,0.75,1
feature_favoring_prescript_unorthodoxy,0.5002694747315617,0.35414644357915187,0,0.25,0.5,0.75,1
feature_fertilized_quartile_roll,0.4964968284896978,0.3529418523796353,0,0.25,0.5,0.75,1
feature_fescennine_intramundane_flamen,0.5015753907383608,0.35325659398238757,0,0.25,0.5,0.75,1
feature_festering_controvertible_hostler,0.5020314248994652,0.3540894976027961,0,0.25,0.5,0.75,1
feature_few_lagoonal_alcyonarian,0.5029642220471788,0.3532036546341452,0,0.25,0.5,0.75,1
feature_fictile_shadowy_esse,0.5003109323825712,0.3544170269920091,0,0.25,0.5,0.75,1
feature_fierier_goofier_follicle,0.5008913394967042,0.35290671913831473,0,0.25,0.5,0.75,1
feature_fine_aberrational_deducibility,0.4991708469798101,0.3536183737701009,0,0.25,0.5,0.75,1
feature_fishier_groggier_corporeity,0.4944861324157373,0.3530776588108915,0,0.25,0.5,0.75,1
feature_fishiest_simulatory_roadholding,0.49614443845611705,0.35346639477866676,0,0.25,0.5,0.75,1
feature_fissirostral_multifoliate_chillon,0.5000414576510095,0.35350208108666287,0,0.25,0.5,0.75,1
feature_flabby_unquantified_extenuation,0.494921437751337,0.3540662208234707,0,0.25,0.5,0.75,1
feature_flakiest_fleecy_novelese,0.5014821110235894,0.35436653795565176,0,0.25,0.5,0.75,1
feature_flavourful_seismic_erica,0.5028709423324075,0.35494251790030923,0,0.25,0.5,0.75,1
feature_fleshly_bedimmed_enfacement,0.5020417893122175,0.35470726619012916,0,0.25,0.5,0.75,1
feature_flintier_enslaved_borsch,0.49997927117449525,0.353590033338659,0,0.25,0.5,0.75,1
feature_floricultural_unimpeded_nomen,0.4995128726006384,0.35431080041973556,0,0.25,0.5,0.75,1
feature_fluorometric_guarded_dioxin,0.4992641266945815,0.3554129776335544,0,0.25,0.5,0.75,1
feature_foamy_undrilled_glaciology,0.4989946519630198,0.3547847618066527,0,0.25,0.5,0.75,1
feature_foliated_psychokinetic_vivian,0.49518054807014633,0.35283454413559234,0,0.25,0.5,0.75,1
feature_forficate_martensitic_huckaback,0.5013059160067991,0.3534263619932946,0,0.25,0.5,0.75,1
feature_formational_preventive_capp,0.4945794121305087,0.35535781596698446,0,0.25,0.5,0.75,1
feature_fortunate_unorthodoxy_trish,0.5029331288089217,0.3520980696163512,0,0.25,0.5,0.75,1
feature_forworn_hask_haet,0.496559014966212,0.3536245865120651,0,0.25,0.5,0.75,1
feature_foudroyant_undersigned_ascendance,0.4938435388250902,0.3551598316715757,0,0.25,0.5,0.75,1
feature_fragrant_fifteen_brian,0.5014821110235894,0.35137048163153645,0,0.25,0.5,0.75,1
feature_fraternal_manx_tambourine,0.49505617511711786,0.3533611969724709,0,0.25,0.5,0.75,1
feature_fraternal_whackiest_poppy,0.5028502135069027,0.3537580491979839,0,0.25,0.5,0.75,1
feature_frequentative_participial_waft,0.49856971104017245,0.35472852155733914,0,0.25,0.5,0.75,1
feature_frizzier_alcoholic_gadolinium,0.49621698934538366,0.35390309480001503,0,0.25,0.5,0.75,1
feature_frowsiest_bonapartean_income,0.495087268355375,0.3535412441722329,0,0.25,0.5,0.75,1
feature_frowzy_berserk_lag,0.5028398490941504,0.3539155809022122,0,0.25,0.5,0.75,1
feature_frumpy_squishiest_burley,0.5001036441275237,0.35265809769198747,0,0.25,0.5,0.75,1
feature_fumarolic_known_sharkskin,0.4996579743791717,0.35267631573012476,0,0.25,0.5,0.75,1
feature_fustier_crossing_pharyngology,0.4964553708386883,0.35386529080770374,0,0.25,0.5,0.75,1
feature_fustiest_voiced_janet,0.5005700427013805,0.35439842647730213,0,0.25,0.5,0.75,1
feature_gabby_glimmery_azalea,0.5028398490941504,0.3539155809022122,0,0.25,0.5,0.75,1
feature_gainly_tritheism_syndactyl,0.4988806434227437,0.3522446252399956,0,0.25,0.5,0.75,1
feature_galvanometric_sturdied_billingsgate,0.49430993739894696,0.3537750418275243,0,0.25,0.5,0.75,1
feature_ganoid_osiered_mineralogy,0.49919157580531487,0.35322250419247325,0,0.25,0.5,0.75,1
feature_gardant_irreverent_inferiority,0.5014199245470752,0.3547322155639141,0,0.25,0.5,0.75,1
feature_gay_deceased_reen,0.500362754446333,0.3529260140437803,0,0.25,0.5,0.75,1
feature_generative_honorific_tughrik,0.49681812528502134,0.35407736896580805,0,0.25,0.5,0.75,1
feature_geodic_corky_clinic,0.4978338377347539,0.3551664593515648,0,0.25,0.5,0.75,1
feature_geographical_ecstatic_geta,0.5021143402014842,0.35377419979163843,0,0.25,0.5,0.75,1
feature_ginger_unexplored_sadduceeism,0.5028191202686456,0.3542304332306467,0,0.25,0.5,0.75,1
feature_glare_factional_assessment,0.5001761950167903,0.3519924778219693,0,0.25,0.5,0.75,1
feature_gleetier_unpared_pentecost,0.5016583060403798,0.35380592794640386,0,0.25,0.5,0.75,1
feature_glued_antemundane_eschscholtzia,0.49774055801998257,0.3546219263253242,0,0.25,0.5,0.75,1
feature_glyptic_unrubbed_holloway,0.49822768541934415,0.3553436972595351,0,0.25,0.5,0.75,1
feature_gnathic_terminological_defector,0.4980203971642967,0.35449570457067997,0,0.25,0.5,0.75,1
feature_gobony_configured_judicatory,0.5032855188425024,0.3549316218121146,0,0.25,0.5,0.75,1
feature_gone_honduran_worshipper,0.5013681024833133,0.35457533358907395,0,0.25,0.5,0.75,1
feature_gory_ratite_santir,0.4985178889764106,0.354943734272945,0,0.25,0.5,0.75,1
feature_gossamer_placable_wycliffite,0.5022801708055221,0.35407334682788705,0,0.25,0.5,0.75,1
feature_gradely_dippy_gaol,0.5042597736412255,0.3545121848840678,0,0.25,0.5,0.75,1
feature_grandmotherly_circumnavigable_homonymity,0.5008187886074374,0.35335083553555297,0,0.25,0.5,0.75,1
feature_grazed_blameful_desiderative,0.5034617138592927,0.3533751586817206,0,0.25,0.5,0.75,1
feature_greedier_favorable_enthymeme,0.4955640313419842,0.35262286306376944,0,0.25,0.5,0.75,1
feature_gregorian_electromagnetic_hepar,0.5005493138758758,0.3536811991232097,0,0.25,0.5,0.75,1
feature_gripple_bracteal_huckster,0.5013577380705609,0.3539719560805167,0,0.25,0.5,0.75,1
feature_groggy_undescried_geosphere,0.500362754446333,0.35485172702353235,0,0.25,0.5,0.75,1
feature_grummest_confounding_quinquagesima,0.4963102690601551,0.3550699843395248,0,0.25,0.5,0.75,1
feature_guileful_congenerical_literation,0.5046225280875586,0.3544381948966354,0,0.25,0.5,0.75,1
feature_gullable_sanguine_incongruity,0.502580738775341,0.3532910216505748,0,0.25,0.5,0.75,1
feature_gustier_maladjusted_bargeman,0.5020625181377223,0.3544586820566683,0,0.25,0.5,0.75,1
feature_gutta_exploitive_simpson,0.49842460926163923,0.352309081423867,0,0.25,0.5,0.75,1
feature_guttering_liberating_conurbation,0.4996994320301812,0.35367417152712577,0,0.25,0.5,0.75,1
feature_gymnasial_supremacist_osteopathy,0.5036068156378259,0.3534030372811124,0,0.25,0.5,0.75,1
feature_gymnastic_erective_tranche,0.5050889266614154,0.3517642595390663,0,0.25,0.5,0.75,1
feature_gymnastic_neap_thoracostomy,0.5003731188590854,0.3535165465298748,0,0.25,0.5,0.75,1
feature_gyral_extrapolated_serotherapy,0.49941959288586707,0.355875923692323,0,0.25,0.5,0.75,1
feature_haematoid_runaway_nightjar,0.49864226192943906,0.3541988152853004,0,0.25,0.5,0.75,1
feature_hagiographical_swelling_homager,0.49680776087226897,0.352481971922179,0,0.25,0.5,0.75,1
feature_halting_disguisable_syllabicity,0.500445669748352,0.35510711888248614,0,0.25,0.5,0.75,1
feature_hanseatic_responsible_enneahedron,0.4953360142614319,0.35516797590899724,0,0.25,0.5,0.75,1
feature_haploid_occluded_moral,0.5021350690269889,0.3518203693688943,0,0.25,0.5,0.75,1
feature_haunted_fussier_vaunt,0.49890137224824843,0.3535150362585534,0,0.25,0.5,0.75,1
feature_hawaiian_adrenocorticotropic_right,0.4978856597985158,0.35473240847007054,0,0.25,0.5,0.75,1
feature_hawkish_domiciliary_duramen,0.5032544256042453,0.35252550850332115,0,0.25,0.5,0.75,1
feature_haziest_lifelike_horseback,0.500943161560466,0.35471188896610345,0,0.25,0.5,0.75,1
feature_headhunting_unsatisfied_phenomena,0.4980929480535633,0.3524692143743822,0,0.25,0.5,0.75,1
feature_healthful_mitigated_magnesium,0.5002072882550475,0.3541684350882817,0,0.25,0.5,0.75,1
feature_healthiest_glial_cliquism,0.5023527216947887,0.35477108115895295,0,0.25,0.5,0.75,1
feature_healthy_preterhuman_conto,0.4977716512582397,0.3549398336335302,0,0.25,0.5,0.75,1
feature_hedonistic_entertaining_pelting,0.500860246258447,0.3543612810272861,0,0.25,0.5,0.75,1
feature_heliocentric_stealthy_waning,0.500082915302019,0.354161169648262,0,0.25,0.5,0.75,1
feature_heliotropic_inane_papistry,0.5010882633389993,0.3532254207856418,0,0.25,0.5,0.75,1
feature_hellenistic_scraggly_comfort,0.49997927117449525,0.3525552301177777,0,0.25,0.5,0.75,1
feature_helpable_chanciest_fractionisation,0.4988702790099913,0.3536578414023444,0,0.25,0.5,0.75,1
feature_hemispherical_unabsolved_aeolipile,0.5015235686745989,0.355497952032503,0,0.25,0.5,0.75,1
feature_hendecagonal_deathly_stiver,0.49795821068778245,0.3538954590438485,0,0.25,0.5,0.75,1
feature_hetero_overweary_hylotheist,0.4988806434227437,0.35153771287395896,0,0.25,0.5,0.75,1
feature_hexametric_ventricose_limnology,0.5004042120973425,0.35358613872906386,0,0.25,0.5,0.75,1
feature_hibernating_soritic_croupe,0.5010778989262469,0.35215646813961415,0,0.25,0.5,0.75,1
feature_hieroglyphic_scalar_synchroflash,0.5005389494631234,0.3530762695816101,0,0.25,0.5,0.75,1
feature_hierologic_assault_candida,0.49975125409394305,0.35383169746299215,0,0.25,0.5,0.75,1
feature_highland_eocene_berean,0.5013162804195515,0.3534446522812737,0,0.25,0.5,0.75,1
feature_hillier_unpitied_theobromine,0.4972327017951163,0.3527684740785131,0,0.25,0.5,0.75,1
feature_himyarite_tetragonal_deceit,0.4928070975498528,0.35419787871977654,0,0.25,0.5,0.75,1
feature_hipper_etruscan_ketose,0.5001347373657808,0.3535203826507988,0,0.25,0.5,0.75,1
feature_hitlerite_slippy_pterygoid,0.5017619501679035,0.3525361276146649,0,0.25,0.5,0.75,1
feature_holophytic_fiercest_ruining,0.4972327017951163,0.3552644113081929,0,0.25,0.5,0.75,1
feature_horizontal_snug_description,0.5004560341611044,0.3524226144208588,0,0.25,0.5,0.75,1
feature_hotfoot_behaviorist_terylene,0.5012230007047801,0.35346331514393076,0,0.25,0.5,0.75,1
feature_hotshot_undefied_aten,0.5014406533725799,0.35372264746641685,0,0.25,0.5,0.75,1
feature_huge_neoclassic_crossbencher,0.5068094191783094,0.35119696137037715,0,0.25,0.5,0.75,1
feature_hungry_thermoluminescent_shareholding,0.5065399444467477,0.35462361939524273,0,0.25,0.5,0.75,1
feature_huskiest_compartmental_jacquerie,0.5029227643961693,0.3535486381183541,0,0.25,0.5,0.75,1
feature_hydrologic_cymric_nyctophobia,0.49970979644293356,0.3519813597845539,0,0.25,0.5,0.75,1
feature_hydroponic_constitutive_etaerio,0.5007876953691803,0.35329590256232724,0,0.25,0.5,0.75,1
feature_hyperbaric_populated_optimum,0.49721197296961156,0.3530032841530107,0,0.25,0.5,0.75,1
feature_hypermetropic_unsighted_forsyth,0.5007566021309232,0.3526389316095092,0,0.25,0.5,0.75,1
feature_hypersonic_volcanological_footwear,0.5020728825504747,0.3521373000750782,0,0.25,0.5,0.75,1
feature_hypertensive_aroused_urquhart,0.4978752953857634,0.3557863088277503,0,0.25,0.5,0.75,1
feature_hypertensive_seared_adenauer,0.5023838149330458,0.35470878501369746,0,0.25,0.5,0.75,1
feature_hypertrophied_embryologic_forfeiter,0.4959267857883172,0.35201312227630666,0,0.25,0.5,0.75,1
feature_hypogastric_effectual_sunlight,0.5013266448323038,0.35442930252419125,0,0.25,0.5,0.75,1
feature_hypothetic_distressing_endemic,0.5036275444633307,0.3543327874884908,0,0.25,0.5,0.75,1
feature_hysteric_mechanized_recklinghausen,0.49811367687906805,0.353152362148823,0,0.25,0.5,0.75,1
feature_iconomatic_boozier_age,0.5042390448157208,0.35421262842929396,0,0.25,0.5,0.75,1
feature_ignored_splay_management,0.5028916711579122,0.3539407857935044,0,0.25,0.5,0.75,1
feature_illegible_punishing_lunacy,0.4959060569628125,0.35405336046036695,0,0.25,0.5,0.75,1
feature_illiterate_stomachal_terpene,0.5002902035570664,0.35419764093849804,0,0.25,0.5,0.75,1
feature_imitable_artificial_titration,0.4971912441441068,0.3550816951516785,0,0.25,0.5,0.75,1
feature_imparipinnate_autoerotic_joel,0.4988806434227437,0.35450311951863234,0,0.25,0.5,0.75,1
feature_impartable_unpeaceful_pennsylvanian,0.4989531943120103,0.3542657056815859,0,0.25,0.5,0.75,1
feature_imperviable_surprised_running,0.5024356369968077,0.3542588792057596,0,0.25,0.5,0.75,1
feature_imponderable_seasoned_kinetograph,0.49931594875834334,0.3555187806074595,0,0.25,0.5,0.75,1
feature_impractical_endorsed_tide,0.5003523900335807,0.3534652553807651,0,0.25,0.5,0.75,1
feature_inane_ribald_adrenal,0.5055656896480245,0.350820248640124,0,0.25,0.5,0.75,1
feature_inapproachable_aging_lully,0.5017930434061606,0.35361113591413196,0,0.25,0.5,0.75,1
feature_incendiary_failing_fluff,0.49907756726503877,0.3555583267333759,0,0.25,0.5,0.75,1
feature_incidental_unveiled_bobbysoxer,0.4965693793789644,0.35453579629104465,0,0.25,0.5,0.75,1
feature_incitant_trochoidal_oculist,0.5035860868123212,0.3546913616118998,0,0.25,0.5,0.75,1
feature_incog_decolorant_refluence,0.4995232370133908,0.3538314636861231,0,0.25,0.5,0.75,1
feature_incommensurable_diffused_curability,0.5022801708055221,0.3545998720561802,0,0.25,0.5,0.75,1
feature_inconsequential_scincoid_sextant,0.5010364412752374,0.3543279023659156,0,0.25,0.5,0.75,1
feature_indefatigable_enterprising_calf,0.5023527216947887,0.35384227069534574,0,0.25,0.5,0.75,1
feature_indentured_communicant_tulipomania,0.5022594419800174,0.3538318938961641,0,0.25,0.5,0.75,1
feature_indirect_concrete_canaille,0.49990672028522865,0.3544134955002839,0,0.25,0.5,0.75,1
feature_induplicate_hoarse_disbursement,0.4950354462916131,0.3528765936234029,0,0.25,0.5,0.75,1
feature_inebriant_unhopeful_beecham,0.5016479416276274,0.3544535416628801,0,0.25,0.5,0.75,1
feature_inelastic_verist_graf,0.500445669748352,0.35243365635689944,0,0.25,0.5,0.75,1
feature_inexpugnable_gleg_candelilla,0.5003109323825712,0.35510361391741857,0,0.25,0.5,0.75,1
feature_inflexed_lamaism_crit,0.49861116869118194,0.3539022849411008,0,0.25,0.5,0.75,1
feature_inhabited_collectable_soda,0.4982484142448489,0.35500820392628774,0,0.25,0.5,0.75,1
feature_inhabited_pettier_veinlet,0.5000103644127524,0.3536230095656006,0,0.25,0.5,0.75,1
feature_inherited_accelerated_astaire,0.49647609966419304,0.3534918486814412,0,0.25,0.5,0.75,1
feature_inhibited_snowiest_drawing,0.504995646946644,0.35370129065015316,0,0.25,0.5,0.75,1
feature_innumerate_alated_soliped,0.5007358733054185,0.35182976095016455,0,0.25,0.5,0.75,1
feature_inoperable_monegasque_infuriation,0.5003109323825712,0.3526653234279695,0,0.25,0.5,0.75,1
feature_inseminated_filarial_mesoderm,0.5020625181377223,0.3525675716919146,0,0.25,0.5,0.75,1
feature_insociable_exultant_tatum,0.4940715559056424,0.35351101045752115,0,0.25,0.5,0.75,1
feature_institutionalized_individualized_worcestershire,0.5041043074499398,0.3529720809762327,0,0.25,0.5,0.75,1
feature_instrumentalist_extrovert_cassini,0.502331992869284,0.3515501873425892,0,0.25,0.5,0.75,1
feature_integrated_extroversive_ambivalence,0.5007047800671613,0.3544530167390436,0,0.25,0.5,0.75,1
feature_intended_involute_highbinder,0.501720492516894,0.35539134757620283,0,0.25,0.5,0.75,1
feature_intercalative_helvetian_infirmarian,0.49680776087226897,0.35286403391952836,0,0.25,0.5,0.75,1
feature_interdental_mongolian_anarchism,0.49842460926163923,0.3531612234038214,0,0.25,0.5,0.75,1
feature_interdigital_sewn_glucagon,0.502414908171303,0.352917937999497,0,0.25,0.5,0.75,1
feature_interfertile_neozoic_solder,0.49568840429501265,0.35214643854657945,0,0.25,0.5,0.75,1
feature_interjaculatory_anhedonic_lindisfarne,0.4987977281207247,0.35327273101071227,0,0.25,0.5,0.75,1
feature_intermontane_vertical_moo,0.5014095601343228,0.3527287653146645,0,0.25,0.5,0.75,1
feature_interoceptive_fifteenth_trey,0.5028191202686456,0.35353482121311314,0,0.25,0.5,0.75,1
feature_interpenetrative_enabling_elm,0.5007255088926661,0.3524515717526939,0,0.25,0.5,0.75,1
feature_interrogatory_isohyetal_atacamite,0.5013473736578086,0.3549333206686863,0,0.25,0.5,0.75,1
feature_intersidereal_chewy_sinusoid,0.4999689067617429,0.3537988272228747,0,0.25,0.5,0.75,1
feature_intersubjective_juristic_sagebrush,0.5047987231043489,0.3529596521955044,0,0.25,0.5,0.75,1
feature_intertwined_leeriest_suffragette,0.5034720782720451,0.35574657636285656,0,0.25,0.5,0.75,1
feature_introvert_symphysial_assegai,0.501886323120932,0.3528660885710509,0,0.25,0.5,0.75,1
feature_intrusive_effluent_hokkaido,0.4981033124663157,0.352502350917518,0,0.25,0.5,0.75,1
feature_invalid_chromatographic_cornishman,0.5009846192114755,0.3544925550875637,0,0.25,0.5,0.75,1
feature_invalid_extortionary_titillation,0.5005596782886281,0.35278255699278954,0,0.25,0.5,0.75,1
feature_investigatory_inerasable_circumvallation,0.4987562704697152,0.3548095679710476,0,0.25,0.5,0.75,1
feature_invincible_unroofed_tetrachord,0.4971601509058497,0.3540912545020042,0,0.25,0.5,0.75,1
feature_iraqi_gentled_hector,0.4987666348824676,0.353312963330721,0,0.25,0.5,0.75,1
feature_iridic_unpropertied_spline,0.49603042991584095,0.35364469370976437,0,0.25,0.5,0.75,1
feature_irradiative_unpolished_sodality,0.49611334521785994,0.3541727758392723,0,0.25,0.5,0.75,1
feature_irreplaceable_regurgitate_ctenophore,0.49517018365739396,0.3533224398956772,0,0.25,0.5,0.75,1
feature_irresponsive_compositive_ramson,0.4990982960905435,0.3530571815775944,0,0.25,0.5,0.75,1
feature_irritant_euphuistic_weka,0.5001554661912856,0.3548810861147683,0,0.25,0.5,0.75,1
feature_isotopic_hymenial_starwort,0.502414908171303,0.3539809628211105,0,0.25,0.5,0.75,1
feature_jammed_morphotic_destruction,0.49603042991584095,0.35464709373854886,0,0.25,0.5,0.75,1
feature_jauntier_talc_noreen,0.5031818747149787,0.3537185951764712,0,0.25,0.5,0.75,1
feature_jeffersonian_torrent_cobaltite,0.4976991003689731,0.3539048520175005,0,0.25,0.5,0.75,1
feature_jerkwater_eustatic_electrocardiograph,0.49774055801998257,0.35270965210833843,0,0.25,0.5,0.75,1
feature_jiggish_tritheist_probity,0.497502176526678,0.3541999256338999,0,0.25,0.5,0.75,1
feature_jubilant_ghostlier_pedestrianism,0.4949732598150989,0.35467021608643273,0,0.25,0.5,0.75,1
feature_jumping_homemaking_shaveling,0.5014510177853323,0.35422404945598773,0,0.25,0.5,0.75,1
feature_juvenalian_paunchy_uniformitarianism,0.502166162265246,0.35298562622665236,0,0.25,0.5,0.75,1
feature_kenotic_hispanic_yulan,0.4965279217279549,0.3523874220947878,0,0.25,0.5,0.75,1
feature_kerygmatic_splashed_ziegfeld,0.49594751461382197,0.3526605446685236,0,0.25,0.5,0.75,1
feature_koranic_rude_corf,0.5018966875336843,0.35355929638335554,0,0.25,0.5,0.75,1
feature_lageniform_theodicean_terylene,0.5019899672484557,0.3530930893547564,0,0.25,0.5,0.75,1
feature_laggard_mincing_gemologist,0.4952634633721653,0.3522403040347533,0,0.25,0.5,0.75,1
feature_lashed_dirigible_scrubber,0.499139753741553,0.35338006883079126,0,0.25,0.5,0.75,1
feature_latin_throwback_lactoscope,0.4993263131710957,0.3531604261402812,0,0.25,0.5,0.75,1
feature_leadiest_unliveable_macadamia,0.5029849508726836,0.3555069071185588,0,0.25,0.5,0.75,1
feature_leaky_maroon_pyrometry,0.5009535259732184,0.3552192038591439,0,0.25,0.5,0.75,1
feature_learned_claustral_quiddity,0.4953152854359272,0.35372019720776104,0,0.25,0.5,0.75,1
feature_leggiest_slaggiest_inez,0.4956262178184984,0.3549381305708945,0,0.25,0.5,0.75,1
feature_leisurable_dehortatory_pretoria,0.5013888313088181,0.35434863479543866,0,0.25,0.5,0.75,1
feature_lethal_stringy_substantial,0.4985075245636582,0.3555454590059431,0,0.25,0.5,0.75,1
feature_leukemic_paler_millikan,0.4976576427179636,0.3542631654789361,0,0.25,0.5,0.75,1
feature_levigate_kindly_dyspareunia,0.4961962605198789,0.35275882062203046,0,0.25,0.5,0.75,1
feature_liege_unexercised_ennoblement,0.4980825836408109,0.35384489740814723,0,0.25,0.5,0.75,1
feature_limbic_pulverizable_hindfoot,0.5005493138758758,0.3556756831837909,0,0.25,0.5,0.75,1
feature_limitable_astable_physiology,0.5013681024833133,0.3549259407379356,0,0.25,0.5,0.75,1
feature_limitative_traditional_yodeller,0.49877699929521996,0.353880930769783,0,0.25,0.5,0.75,1
feature_limnological_proboscidean_nomologist,0.5040421209734256,0.3540649337765993,0,0.25,0.5,0.75,1
feature_lipogrammatic_blowsier_seismometry,0.5010675345134945,0.3529466115031711,0,0.25,0.5,0.75,1
feature_liquefacient_premium_pyxidium,0.5006633224161519,0.35399955886976653,0,0.25,0.5,0.75,1
feature_literary_live_taxon,0.5019899672484557,0.35382618878879746,0,0.25,0.5,0.75,1
feature_literate_treacly_altercation,0.49767837154346833,0.353538438358007,0,0.25,0.5,0.75,1
feature_livelong_sounded_squirm,0.5011608142282659,0.3541592769028065,0,0.25,0.5,0.75,1
feature_liverpudlian_multicellular_torsk,0.504135400688197,0.3532982472125673,0,0.25,0.5,0.75,1
feature_lofty_acceptable_challenge,0.500777330956428,0.35471959618446597,0,0.25,0.5,0.75,1
feature_log_unregenerate_babel,0.4980514904025538,0.3550400218049911,0,0.25,0.5,0.75,1
feature_lordly_lamellicorn_buxtehude,0.5041043074499398,0.35346359384088544,0,0.25,0.5,0.75,1
feature_loricate_cryptocrystalline_ethnology,0.5053998590439865,0.35483273150165007,0,0.25,0.5,0.75,1
feature_lost_quirky_botel,0.4951598192446416,0.35446087627080536,0,0.25,0.5,0.75,1
feature_lotic_anticorrosive_acetone,0.5012437295302848,0.35407118631689666,0,0.25,0.5,0.75,1
feature_loved_purpure_malthusian,0.49959578790265746,0.3549465985885588,0,0.25,0.5,0.75,1
feature_lowermost_tetrastichic_transvestism,0.5023941793457982,0.35305755431091185,0,0.25,0.5,0.75,1
feature_lowliest_oblatory_sprattle,0.4974607188756685,0.3542727800666456,0,0.25,0.5,0.75,1
feature_loyal_fishy_pith,0.49419592885867086,0.35496142492635285,0,0.25,0.5,0.75,1
feature_macrobiotic_benignant_eurasia,0.49878736370797233,0.35503964873235283,0,0.25,0.5,0.75,1
feature_macrocephalic_tiresome_piroshki,0.4995543302516479,0.35478590635342805,0,0.25,0.5,0.75,1
feature_madrigalian_distichal_otranto,0.5013784668960657,0.3549368515282548,0,0.25,0.5,0.75,1
feature_mailed_harried_grant,0.49639318436217406,0.3544134321507419,0,0.25,0.5,0.75,1
feature_maintained_childbearing_isagoge,0.4966108370299739,0.35442654708309745,0,0.25,0.5,0.75,1
feature_malacological_differential_defeated,0.49856971104017245,0.352802136081264,0,0.25,0.5,0.75,1
feature_malagasy_abounding_circumciser,0.49669375233199287,0.3544127080252684,0,0.25,0.5,0.75,1
feature_malarian_multinuclear_averroist,0.4928485552008623,0.3544766057214784,0,0.25,0.5,0.75,1
feature_mandibulate_whining_localizer,0.5014095601343228,0.35398273391545304,0,0.25,0.5,0.75,1
feature_marmalade_felled_teratogeny,0.49874590605696284,0.3543966659478021,0,0.25,0.5,0.75,1
feature_marxian_subminiature_minx,0.49779238008374443,0.3529413215550225,0,0.25,0.5,0.75,1
feature_massed_nonracial_ecclesiologist,0.5017308569296464,0.35298068837398827,0,0.25,0.5,0.75,1
feature_mattery_past_moro,0.5035860868123212,0.3536011612526902,0,0.25,0.5,0.75,1
feature_maximal_unobserving_desalinisation,0.49722233738236393,0.3555596047489267,0,0.25,0.5,0.75,1
feature_mazy_superrefined_punishment,0.5004663985738568,0.3523895127537722,0,0.25,0.5,0.75,1
feature_mellifluent_homeomorphic_emmanuel,0.4956676754695079,0.3542005264520541,0,0.25,0.5,0.75,1
feature_mephitic_televisionary_breeder,0.49614443845611705,0.3535103771676179,0,0.25,0.5,0.75,1
feature_merovingian_tenebrism_hartshorn,0.5013577380705609,0.35244602718176604,0,0.25,0.5,0.75,1
feature_mesoblastic_anatolian_deodand,0.5036690021143402,0.3529988967628526,0,0.25,0.5,0.75,1
feature_messy_glottic_ciborium,0.4978442021475063,0.35416925070825955,0,0.25,0.5,0.75,1
feature_metabolic_minded_armorist,0.501108992164504,0.35606029233394165,0,0.25,0.5,0.75,1
feature_methylated_necrophilic_serendipity,0.5028087558558932,0.35438044217193837,0,0.25,0.5,0.75,1
feature_midget_noncognizable_plenary,0.4984660669126487,0.35439922095581217,0,0.25,0.5,0.75,1
feature_midnightly_falser_replacement,0.49709796442933546,0.35217559184606323,0,0.25,0.5,0.75,1
feature_migrant_reliable_chirurgery,0.49595787902657434,0.35470106847455907,0,0.25,0.5,0.75,1
feature_mined_game_curse,0.49681812528502134,0.3534767668081154,0,0.25,0.5,0.75,1
feature_misanthropic_knurliest_freebooty,0.496559014966212,0.35338269381130066,0,0.25,0.5,0.75,1
feature_mobile_savoyard_maidenhead,0.5030885950002073,0.3536058568186777,0,0.25,0.5,0.75,1
feature_monocarpic_grey_hanger,0.5028087558558932,0.3539780567019412,0,0.25,0.5,0.75,1
feature_moralistic_heartier_typhoid,0.5008084241946851,0.35344251315428615,0,0.25,0.5,0.75,1
feature_more_hindoo_diageotropism,0.5024356369968077,0.35386367820087483,0,0.25,0.5,0.75,1
feature_mortal_sovran_powerboat,0.5065295800339953,0.35361768052206405,0,0.25,0.5,0.75,1
feature_motherly_chalkier_woking,0.4976887359562207,0.35368872621413416,0,0.25,0.5,0.75,1
feature_mouldiest_clostridial_paper,0.4976058206542017,0.3545004564704542,0,0.25,0.5,0.75,1
feature_mucky_loanable_gastrostomy,0.5023423572820364,0.3541973300634991,0,0.25,0.5,0.75,1
feature_muddier_besieged_escarp,0.4958231416607935,0.3544985528090512,0,0.25,0.5,0.75,1
feature_multicostate_undescended_monoacid,0.49990672028522865,0.35324175630349564,0,0.25,0.5,0.75,1
feature_multilinear_sharpened_mouse,0.5029745864599312,0.35394009864020115,0,0.25,0.5,0.75,1
feature_multiplicate_taunt_vena,0.4983313295468679,0.35511077476680925,0,0.25,0.5,0.75,1
feature_munificent_stupid_hitlerism,0.49525309895941294,0.3547215571086206,0,0.25,0.5,0.75,1
feature_muskiest_transcendentalist_pantheism,0.5039281124331495,0.35444291604682654,0,0.25,0.5,0.75,1
feature_muted_gaulish_symmetry,0.5028709423324075,0.35356005628672343,0,0.25,0.5,0.75,1
feature_myographic_gawkier_timbale,0.4993988640603623,0.3534869118221428,0,0.25,0.5,0.75,1
feature_myological_adducent_puebla,0.5014821110235894,0.3540739278365275,0,0.25,0.5,0.75,1
feature_naval_edified_decarbonize,0.5009949836242279,0.35431339485570057,0,0.25,0.5,0.75,1
feature_nebule_barmier_bibliomania,0.4985800754529248,0.3534809057488572,0,0.25,0.5,0.75,1
feature_necrophiliac_unsublimated_rudd,0.5015132042618465,0.35362343577625166,0,0.25,0.5,0.75,1
feature_neptunian_supersensitive_stapler,0.5026740184901124,0.3541510839889127,0,0.25,0.5,0.75,1
feature_neurophysiological_runcinate_yardang,0.5051303843124249,0.3530210540927063,0,0.25,0.5,0.75,1
feature_newish_eosinophilic_sciaenoid,0.5028916711579122,0.3529877690353983,0,0.25,0.5,0.75,1
feature_newish_vortical_upthrow,0.4961548028688694,0.35304473205872217,0,0.25,0.5,0.75,1
feature_nicer_fernier_banderilla,0.5003834832718378,0.355253101140309,0,0.25,0.5,0.75,1
feature_nine_nimbused_cooperative,0.49721197296961156,0.3550453691363954,0,0.25,0.5,0.75,1
feature_nipping_pinnate_attempter,0.5040006633224161,0.353970252002965,0,0.25,0.5,0.75,1
feature_nobiliary_nativist_pull,0.5036690021143402,0.35367358378693375,0,0.25,0.5,0.75,1
feature_nomothetic_autistic_ilk,0.49979271174495254,0.35371453221036336,0,0.25,0.5,0.75,1
feature_nonclinical_stewed_disreputability,0.49603042991584095,0.3530360157649863,0,0.25,0.5,0.75,1
feature_nonfunctional_cnemial_illocution,0.49460014095601346,0.35454781471200947,0,0.25,0.5,0.75,1
feature_nubblier_plosive_deepening,0.49505617511711786,0.35192098682131295,0,0.25,0.5,0.75,1
feature_nucleophilic_uremic_endogen,0.49745035446291613,0.35485370568417196,0,0.25,0.5,0.75,1
feature_nude_revived_unpredictability,0.5000725508892666,0.35408434062398475,0,0.25,0.5,0.75,1
feature_obeisant_vicarial_passibility,0.498445338087144,0.35418703190955014,0,0.25,0.5,0.75,1
feature_oblate_quivery_bottrop,0.5008913394967042,0.3542112694302801,0,0.25,0.5,0.75,1
feature_obverse_plumy_ultramontanism,0.49938849964760995,0.35535488301741425,0,0.25,0.5,0.75,1
feature_octave_tingly_flitch,0.5022594419800174,0.35479725018683045,0,0.25,0.5,0.75,1
feature_offshore_defamatory_catalog,0.5039281124331495,0.35446484733956246,0,0.25,0.5,0.75,1
feature_often_awry_chyme,0.4978338377347539,0.35343313372897134,0,0.25,0.5,0.75,1
feature_olid_reunionistic_malachi,0.49588532813730773,0.3544042439223655,0,0.25,0.5,0.75,1
feature_opposable_argumentative_mesoblast,0.5010675345134945,0.352953953077165,0,0.25,0.5,0.75,1
feature_oscillating_elaborated_mandatory,0.4998756270469715,0.35541736303065247,0,0.25,0.5,0.75,1
feature_otherworldly_hallstatt_tolerator,0.5042494092284732,0.35241199432769493,0,0.25,0.5,0.75,1
feature_outdated_tapered_speciation,0.49565731105675553,0.35360367036238144,0,0.25,0.5,0.75,1
feature_outsized_admonishing_errantry,0.49889100783549606,0.3533280433788976,0,0.25,0.5,0.75,1
feature_overfraught_chinked_jinx,0.5009846192114755,0.3543902054449709,0,0.25,0.5,0.75,1
feature_overmerry_quinary_raisin,0.5057522490775672,0.35311421767336365,0,0.25,0.5,0.75,1
feature_oversea_permed_insulter,0.5009535259732184,0.35393301153514534,0,0.25,0.5,0.75,1
feature_overt_smart_stendhal,0.49674557439575473,0.3532157722142114,0,0.25,0.5,0.75,1
feature_ovidian_compelling_popsy,0.5022179843290079,0.35409569601111873,0,0.25,0.5,0.75,1
feature_ovular_powered_neckar,0.5023527216947887,0.3536444926161073,0,0.25,0.5,0.75,1
feature_padded_peripteral_pericranium,0.5009535259732184,0.3541379455081012,0,0.25,0.5,0.75,1
feature_palatalized_unsucceeded_induration,0.49751254093943037,0.35454001407146263,0,0.25,0.5,0.75,1
feature_palmary_hale_recital,0.5001036441275237,0.3547313900334001,0,0.25,0.5,0.75,1
feature_palmy_superfluid_argyrodite,0.499056838439534,0.3542367383461708,0,0.25,0.5,0.75,1
feature_pansophic_merino_pintado,0.49535674308693667,0.35275978719768164,0,0.25,0.5,0.75,1
feature_parabolical_puberulent_heartburning,0.5007669665436756,0.3531712415162348,0,0.25,0.5,0.75,1
feature_paraffinoid_irreplevisable_ombu,0.5011297209900087,0.35251299419159426,0,0.25,0.5,0.75,1
feature_parallelism_later_triennial,0.49975125409394305,0.35453403583768,0,0.25,0.5,0.75,1
feature_paramagnetic_complex_gish,0.5006529580033995,0.3512328568499659,0,0.25,0.5,0.75,1
feature_passable_premed_independent,0.4997408896811907,0.3541647427843858,0,0.25,0.5,0.75,1
feature_passerine_ultraist_neon,0.4947659715600514,0.3517252965620835,0,0.25,0.5,0.75,1
feature_patristical_analysable_langouste,0.499917084697981,0.3542562710278797,0,0.25,0.5,0.75,1
feature_peaty_vulgar_branchia,0.4961237096306123,0.3539203894593537,0,0.25,0.5,0.75,1
feature_peculiar_sheenier_quintal,0.5010571701007421,0.35218596223697507,0,0.25,0.5,0.75,1
feature_pedal_dissident_thummim,0.5031611458894739,0.3542531479211162,0,0.25,0.5,0.75,1
feature_pedological_unremitted_pappoose,0.5025185522988268,0.3530346701898366,0,0.25,0.5,0.75,1
feature_pellicular_comeliest_charlatan,0.4953463786741843,0.35337980374771494,0,0.25,0.5,0.75,1
feature_peltate_okay_info,0.5007047800671613,0.3540433949202918,0,0.25,0.5,0.75,1
feature_perceivable_gasiform_psammite,0.5055138675842626,0.35132665270273383,0,0.25,0.5,0.75,1
feature_perigean_bewitching_thruster,0.49709796442933546,0.3545222451198628,0,0.25,0.5,0.75,1
feature_periscopic_thirteenth_cartage,0.5034513494465404,0.3542870105845391,0,0.25,0.5,0.75,1
feature_peritectic_medallic_leaper,0.5003212967953236,0.3550561706635704,0,0.25,0.5,0.75,1
feature_permanent_cottony_ballpen,0.5000207288255047,0.35527883553614137,0,0.25,0.5,0.75,1
feature_persnickety_schmalziest_dolichocephaly,0.5031404170639692,0.35272127438666134,0,0.25,0.5,0.75,1
feature_persuasible_ablest_menology,0.4994403217113718,0.3552054531458844,0,0.25,0.5,0.75,1
feature_pert_performative_hormuz,0.5066643173997761,0.3528999860066098,0,0.25,0.5,0.75,1
feature_perturbed_dry_grosvenor,0.5027362049666266,0.3540920706031437,0,0.25,0.5,0.75,1
feature_petalled_backmost_crimplene,0.49927449110733385,0.354942437091131,0,0.25,0.5,0.75,1
feature_petitionary_evanescent_diallage,0.5012437295302848,0.35356586078859187,0,0.25,0.5,0.75,1
feature_phantasmagorial_lyophilized_chippendale,0.4972637950333734,0.35288989413521227,0,0.25,0.5,0.75,1
feature_phantasmal_stomachal_peperoni,0.4978442021475063,0.35477598440298547,0,0.25,0.5,0.75,1
feature_phellogenetic_vibrational_jocelyn,0.49957505907715266,0.3524630900753819,0,0.25,0.5,0.75,1
feature_phenomenal_photosynthetic_berg,0.5025081878860743,0.35264184510883234,0,0.25,0.5,0.75,1
feature_philologic_errhine_nubbin,0.500362754446333,0.35391580673163253,0,0.25,0.5,0.75,1
feature_photolithographic_attenuate_serapeum,0.4960097010903362,0.35356385243686567,0,0.25,0.5,0.75,1
feature_picked_inferrible_lanark,0.5013784668960657,0.35384008448550713,0,0.25,0.5,0.75,1
feature_pictographic_epithetic_pleiocene,0.49872517723145804,0.35321012467434376,0,0.25,0.5,0.75,1
feature_piffling_inflamed_jupiter,0.501637577214875,0.3523749861061847,0,0.25,0.5,0.75,1
feature_pinioned_desiccated_renegade,0.4990982960905435,0.35391484392025235,0,0.25,0.5,0.75,1
feature_placable_conscionable_mickey,0.5025911031880934,0.3533459502142111,0,0.25,0.5,0.75,1
feature_plaguy_preceding_hosteller,0.5045188839600349,0.3550895900808171,0,0.25,0.5,0.75,1
feature_planar_unessential_bride,0.500248745906057,0.3549211896920143,0,0.25,0.5,0.75,1
feature_planned_superimposed_bend,0.49931594875834334,0.3554094357866811,0,0.25,0.5,0.75,1
feature_plausive_carboxyl_elaborator,0.4976887359562207,0.3534908622267942,0,0.25,0.5,0.75,1
feature_plexiform_won_elk,0.494921437751337,0.35285661284114705,0,0.25,0.5,0.75,1
feature_plutonian_unsegregated_meringue,0.5049023672318727,0.35426258841949837,0,0.25,0.5,0.75,1
feature_poachier_unsufferable_bile,0.4958127772480411,0.35510825028968257,0,0.25,0.5,0.75,1
feature_polaroid_squalliest_applause,0.502580738775341,0.35334235937330993,0,0.25,0.5,0.75,1
feature_polybasic_unbreathed_magdeburg,0.5009638903859708,0.3545876245449818,0,0.25,0.5,0.75,1
feature_polymorphic_climactic_corslet,0.4968388541105261,0.3533889742298293,0,0.25,0.5,0.75,1
feature_pongid_agentive_rhomboid,0.5025185522988268,0.3533941383161007,0,0.25,0.5,0.75,1
feature_porky_gyratory_whitewall,0.5008706106711994,0.35258355379065043,0,0.25,0.5,0.75,1
feature_powdered_incased_project,0.5034202562082832,0.35369805573323415,0,0.25,0.5,0.75,1
feature_pozzolanic_keltic_nymphomania,0.4984764313254011,0.35421277188057054,0,0.25,0.5,0.75,1
feature_precooled_inoperable_credence,0.5007358733054185,0.3537101645760445,0,0.25,0.5,0.75,1
feature_prefab_stabbing_declivity,0.4996994320301812,0.3532416407404344,0,0.25,0.5,0.75,1
feature_preparatory_sown_rehearser,0.5049852825338916,0.354517342911709,0,0.25,0.5,0.75,1
feature_prepotent_swedish_superexcellence,0.5021143402014842,0.35285010891820234,0,0.25,0.5,0.75,1
feature_preservable_panchromatic_roadhouse,0.5021039757887318,0.3535361360179619,0,0.25,0.5,0.75,1
feature_pressed_animalcular_garden,0.5002694747315617,0.3530618998959477,0,0.25,0.5,0.75,1
feature_prettyish_lapsed_manifest,0.5005596782886281,0.35289271576044007,0,0.25,0.5,0.75,1
feature_prevailing_nubile_hearst,0.5000207288255047,0.3532234287459909,0,0.25,0.5,0.75,1
feature_prevailing_thrifty_organicism,0.49680776087226897,0.35306224919565726,0,0.25,0.5,0.75,1
feature_principled_inspiratory_loupe,0.5005596782886281,0.3547893965927151,0,0.25,0.5,0.75,1
feature_proletary_nonionic_varment,0.4982173210065918,0.35315290056515497,0,0.25,0.5,0.75,1
feature_pronominal_rampant_megaspore,0.5004974918121139,0.35339909683793,0,0.25,0.5,0.75,1
feature_protanopic_reptant_nimiety,0.49872517723145804,0.35549893110469155,0,0.25,0.5,0.75,1
feature_protolithic_ontogenic_fusibility,0.4977301936072302,0.354997969541994,0,0.25,0.5,0.75,1
feature_provable_downstair_titicaca,0.5006840512416566,0.35432144485389905,0,0.25,0.5,0.75,1
feature_provisionary_unfostered_subadar,0.503109323825712,0.3540158034386175,0,0.25,0.5,0.75,1
feature_pseudo_ungeared_dullard,0.4984038804361345,0.35437701095780655,0,0.25,0.5,0.75,1
feature_puberulent_nondescript_laparoscope,0.5000310932382571,0.35325643797879885,0,0.25,0.5,0.75,1
feature_publishable_apiarian_rollick,0.4964139131876788,0.35348389284324666,0,0.25,0.5,0.75,1
feature_pulverulent_tarnal_sitting,0.4993366775838481,0.352635445370613,0,0.25,0.5,0.75,1
feature_pycnostyle_unenjoyable_balladry,0.49685958293603083,0.3536823356993013,0,0.25,0.5,0.75,1
feature_quadratic_untouched_liberty,0.5046847145640728,0.35397650014605386,0,0.25,0.5,0.75,1
feature_quaggy_constabulary_mismanagement,0.4992641266945815,0.35364422621240077,0,0.25,0.5,0.75,1
feature_qualifiable_dragging_mankind,0.49583350607354587,0.35418056849276797,0,0.25,0.5,0.75,1
feature_quarrelsome_sneakiest_misadventure,0.5026325608391029,0.3556700070475634,0,0.25,0.5,0.75,1
feature_questionable_diplex_caesarist,0.5012022718792754,0.3541225541223291,0,0.25,0.5,0.75,1
feature_quinsied_increased_braincase,0.4981240412918204,0.3543207954276602,0,0.25,0.5,0.75,1
feature_radiculose_perfectionistic_swing,0.49920194021806724,0.3535854691156035,0,0.25,0.5,0.75,1
feature_raglan_gouty_twiddler,0.4989428298992579,0.35494890449110766,0,0.25,0.5,0.75,1
feature_randomized_dystonic_knar,0.5034928070975498,0.3554111574466445,0,0.25,0.5,0.75,1
feature_rascal_unprintable_lansing,0.4946934206707848,0.3543189317314664,0,0.25,0.5,0.75,1
feature_ratable_wrapround_epitome,0.5035964512250736,0.3551037796976609,0,0.25,0.5,0.75,1
feature_rationalist_crippled_dreadnaught,0.4995232370133908,0.3530616808227828,0,0.25,0.5,0.75,1
feature_ratlike_matrilinear_collapsability,0.49804112598980144,0.3530675771904627,0,0.25,0.5,0.75,1
feature_reachable_angled_irrevocability,0.500248745906057,0.3535826180793079,0,0.25,0.5,0.75,1
feature_recidivism_petitory_methyltestosterone,0.4998963558724763,0.3554975573810374,0,0.25,0.5,0.75,1
feature_reclaimed_fallibilist_turpentine,0.5032958832552548,0.3538164336344971,0,0.25,0.5,0.75,1
feature_reclinate_cruciform_lilo,0.4998548982214668,0.3529004724499252,0,0.25,0.5,0.75,1
feature_reconciling_dauby_database,0.5039384768459019,0.35438065497341703,0,0.25,0.5,0.75,1
feature_reduplicate_conoid_albite,0.4956676754695079,0.35447110252363107,0,0.25,0.5,0.75,1
feature_reflected_vast_rhetor,0.5000932797147714,0.3537841680561622,0,0.25,0.5,0.75,1
feature_refreshed_untombed_skinhead,0.5019796028357033,0.35419588547687525,0,0.25,0.5,0.75,1
feature_registered_arrayed_galactagogue,0.4943410306372041,0.35422570773212403,0,0.25,0.5,0.75,1
feature_reminiscent_unpained_ukulele,0.499222669043572,0.3534095903022473,0,0.25,0.5,0.75,1
feature_renegade_undomestic_milord,0.5042079515774637,0.3535649933400401,0,0.25,0.5,0.75,1
feature_renowned_phthisic_ferrate,0.49344969114049997,0.35294984417641295,0,0.25,0.5,0.75,1
feature_reported_slimy_rhapsody,0.5020417893122175,0.3534778605823935,0,0.25,0.5,0.75,1
feature_representable_ungored_zoffany,0.5027983914431409,0.35393055393071715,0,0.25,0.5,0.75,1
feature_reproving_aurorean_parlour,0.4953152854359272,0.3543569507706368,0,0.25,0.5,0.75,1
feature_reserved_cleanable_soldan,0.4999689067617429,0.3533591160146427,0,0.25,0.5,0.75,1
feature_residentiary_rollable_boaz,0.5006425935906471,0.35568645469668814,0,0.25,0.5,0.75,1
feature_resoluble_shortened_albumin,0.4953774719124414,0.354474746784198,0,0.25,0.5,0.75,1
feature_resolutive_betrothed_recession,0.5060735458728909,0.3536404622133829,0,0.25,0.5,0.75,1
feature_resonant_elusive_monetisation,0.5004560341611044,0.35395596504610227,0,0.25,0.5,0.75,1
feature_restricted_aggregately_workmanship,0.5024667302350648,0.3525759994493204,0,0.25,0.5,0.75,1
feature_resupine_pectic_marathonian,0.5036482732888354,0.35249224918560684,0,0.25,0.5,0.75,1
feature_resuscitative_communicable_brede,0.4983935160233821,0.35295925287977015,0,0.25,0.5,0.75,1
feature_retinoscopy_flinty_wool,0.4984660669126487,0.35332278711355225,0,0.25,0.5,0.75,1
feature_revealable_aeonian_elvira,0.5031300526512168,0.3531215149976894,0,0.25,0.5,0.75,1
feature_revitalizing_dashing_photomultiplier,0.5036275444633307,0.35267619297596114,0,0.25,0.5,0.75,1
feature_rheumy_epistemic_prancer,0.5039488412586542,0.3519188323276459,0,0.25,0.5,0.75,1
feature_rimmed_conditional_archipelago,0.5011193565772564,0.352685725943221,0,0.25,0.5,0.75,1
feature_rival_leninist_philippine,0.5028605779196551,0.35370302518031393,0,0.25,0.5,0.75,1
feature_roasting_slaked_reposition,0.5003109323825712,0.3523713006183484,0,0.25,0.5,0.75,1
feature_rockier_overdelicate_barostat,0.4993781352348576,0.35335490359558697,0,0.25,0.5,0.75,1
feature_roiling_trimeric_kurosawa,0.4986733551676962,0.3550939746313075,0,0.25,0.5,0.75,1
feature_rowable_unshod_noise,0.49685958293603083,0.3533158268806443,0,0.25,0.5,0.75,1
feature_rubblier_chlorotic_stogy,0.4953774719124414,0.35331054489301184,0,0.25,0.5,0.75,1
feature_ruffianly_uncommercial_anatole,0.5021143402014842,0.35302631272051094,0,0.25,0.5,0.75,1
feature_ruly_comtist_passerine,0.4963102690601551,0.35398827019725554,0,0.25,0.5,0.75,1
feature_ruptured_activist_twill,0.4943824882882136,0.35516876533900293,0,0.25,0.5,0.75,1
feature_rural_inquisitional_trotline,0.49942995729861944,0.35471998988439374,0,0.25,0.5,0.75,1
feature_russety_boustrophedon_dactylogram,0.5038555615438829,0.3540889691054214,0,0.25,0.5,0.75,1
feature_rusted_unassisting_menaquinone,0.4957091331205174,0.3539814936040838,0,0.25,0.5,0.75,1
feature_ruthenian_uncluttered_vocalizing,0.49864226192943906,0.3544035955572007,0,0.25,0.5,0.75,1
feature_ruthenic_pinchbeck_limitarian,0.4959371502010696,0.3522744647817965,0,0.25,0.5,0.75,1
feature_saclike_pulverizable_doornail,0.4993263131710957,0.3541568803206904,0,0.25,0.5,0.75,1
feature_sainted_nosiest_covenant,0.5034928070975498,0.35320249096934453,0,0.25,0.5,0.75,1
feature_salian_suggested_ephemeron,0.5010675345134945,0.35425101488917643,0,0.25,0.5,0.75,1
feature_sallowish_cognisant_romaunt,0.5016997636913892,0.35233056745036245,0,0.25,0.5,0.75,1
feature_satanic_hominoid_lingo,0.5045085195472825,0.3531176121785037,0,0.25,0.5,0.75,1
feature_saturate_unsentimental_allograph,0.4995232370133908,0.3541242741515359,0,0.25,0.5,0.75,1
feature_saving_inhabitable_lighthouse,0.5004145765100949,0.35599263589163666,0,0.25,0.5,0.75,1
feature_savory_engrained_undervest,0.5034617138592927,0.3536829999658925,0,0.25,0.5,0.75,1
feature_scenic_cormophytic_bilirubin,0.49877699929521996,0.35415906760821675,0,0.25,0.5,0.75,1
feature_scenographical_dissentient_trek,0.4992537622818291,0.3527969015166929,0,0.25,0.5,0.75,1
feature_scholiastic_dreamful_wardship,0.5011193565772564,0.35372747291998513,0,0.25,0.5,0.75,1
feature_sclerotic_resupinate_hard,0.5034202562082832,0.3541080770304358,0,0.25,0.5,0.75,1
feature_scorbutic_intellectualism_mongoloid,0.4992123046308196,0.35470861571743434,0,0.25,0.5,0.75,1
feature_screwy_asianic_balanchine,0.5020728825504747,0.3526593682454738,0,0.25,0.5,0.75,1
feature_scrobiculate_unexcitable_alder,0.5021765266779984,0.3524823562354181,0,0.25,0.5,0.75,1
feature_scythian_lithographical_whigmaleerie,0.4999585423489905,0.3539562564056296,0,0.25,0.5,0.75,1
feature_scythian_supposed_fortalice,0.5007876953691803,0.3556788777639118,0,0.25,0.5,0.75,1
feature_seamier_jansenism_inflator,0.5044359686580159,0.35307816934975766,0,0.25,0.5,0.75,1
feature_secernent_condensed_lynchet,0.5031715103022263,0.35306977518168287,0,0.25,0.5,0.75,1
feature_seclusive_emendatory_plangency,0.49934704199660046,0.35350514549323414,0,0.25,0.5,0.75,1
feature_seemlier_reorient_monandry,0.49598897226483146,0.35304288688187235,0,0.25,0.5,0.75,1
feature_seismographic_matronly_dimeter,0.49518054807014633,0.35352420444819305,0,0.25,0.5,0.75,1
feature_semestral_unapplausive_warfarin,0.5000103644127524,0.3532711093131271,0,0.25,0.5,0.75,1
feature_semibold_disparaging_turnip,0.5022801708055221,0.3536486314164438,0,0.25,0.5,0.75,1
feature_septarian_vapory_thatching,0.4995646946644003,0.3538754541295642,0,0.25,0.5,0.75,1
feature_septic_cuticular_cape,0.4957920484225364,0.3530002239107624,0,0.25,0.5,0.75,1
feature_septicemic_telangiectatic_flake,0.5005907715268852,0.3536371711495357,0,0.25,0.5,0.75,1
feature_sere_hateable_conspicuity,0.49756436300319223,0.35528872046429477,0,0.25,0.5,0.75,1
feature_servomechanical_wally_picul,0.49583350607354587,0.35247915310433686,0,0.25,0.5,0.75,1
feature_seven_entomological_boothose,0.4989117366610008,0.3534087695854103,0,0.25,0.5,0.75,1
feature_severe_tricky_pinochle,0.5058662576178433,0.35381244648310917,0,0.25,0.5,0.75,1
feature_sexiest_academical_recce,0.5006425935906471,0.3526648750412588,0,0.25,0.5,0.75,1
feature_shabbiest_bewildering_editorialization,0.4956365822312508,0.3536547075432323,0,0.25,0.5,0.75,1
feature_shielded_specialized_goalie,0.5039384768459019,0.3542709588732614,0,0.25,0.5,0.75,1
feature_shouted_weary_hagberry,0.4996268811409146,0.3543730971081061,0,0.25,0.5,0.75,1
feature_sidearm_pitchiest_line,0.4984764313254011,0.35528650929034034,0,0.25,0.5,0.75,1
feature_silver_handworked_scauper,0.5034617138592927,0.35239855384225677,0,0.25,0.5,0.75,1
feature_sixteen_inbreed_are,0.4998445338087144,0.35287476796413986,0,0.25,0.5,0.75,1
feature_slack_calefacient_tableau,0.4993988640603623,0.3542265113927842,0,0.25,0.5,0.75,1
feature_sleaziest_neediest_yawn,0.4999689067617429,0.3558217823914315,0,0.25,0.5,0.75,1
feature_sludgiest_telltale_mutant,0.4966522946809834,0.3545365889467107,0,0.25,0.5,0.75,1
feature_sludgy_implemental_sicily,0.49607188756685044,0.35361584684103803,0,0.25,0.5,0.75,1
feature_smoggy_niftiest_lunch,0.49774055801998257,0.3543734023723549,0,0.25,0.5,0.75,1
feature_smugger_hydroponic_farnesol,0.49672484557025,0.3548623552320877,0,0.25,0.5,0.75,1
feature_socialized_obconical_itemization,0.4940300982546329,0.35530890340472443,0,0.25,0.5,0.75,1
feature_softish_unseparated_caudex,0.5,0.3548117479045444,0,0.25,0.5,0.75,1
feature_sole_soapy_tangible,0.49885991459723894,0.3543714595291667,0,0.25,0.5,0.75,1
feature_sooth_declinatory_chaton,0.4956365822312508,0.35422574867337153,0,0.25,0.5,0.75,1
feature_sorted_ignitable_sagitta,0.4971601509058497,0.3539668280417541,0,0.25,0.5,0.75,1
feature_spagyric_echt_alum,0.5040628497989303,0.35506591081778516,0,0.25,0.5,0.75,1
feature_spicier_caller_billfold,0.4998445338087144,0.3546838872980605,0,0.25,0.5,0.75,1
feature_spinal_tainted_effort,0.500362754446333,0.3522646071895144,0,0.25,0.5,0.75,1
feature_spiroid_chuffy_dachshund,0.49953360142614317,0.35348345005345494,0,0.25,0.5,0.75,1
feature_splitting_sexagesimal_teutonisation,0.5000310932382571,0.35334444955057004,0,0.25,0.5,0.75,1
feature_spongiest_sunbeamed_connolly,0.49908793167779114,0.3527083634615987,0,0.25,0.5,0.75,1
feature_spookiest_expedite_overnighter,0.5016168483893703,0.3527719504762529,0,0.25,0.5,0.75,1
feature_springlike_crackjaw_bheesty,0.49872517723145804,0.35498833858406453,0,0.25,0.5,0.75,1
feature_squishiest_unsectarian_support,0.5036793665270926,0.35397739784474747,0,0.25,0.5,0.75,1
feature_steepled_transistorized_shelter,0.5025185522988268,0.352807062426482,0,0.25,0.5,0.75,1
feature_stelar_balmiest_pellitory,0.5010778989262469,0.35223739819341476,0,0.25,0.5,0.75,1
feature_stentorian_contraband_swarajism,0.5001554661912856,0.3544354067910521,0,0.25,0.5,0.75,1
feature_stereo_orthotone_infernal,0.5012540939430372,0.352733025412059,0,0.25,0.5,0.75,1
feature_stereotypic_ebracteate_louise,0.49946105053687656,0.3551544167966799,0,0.25,0.5,0.75,1
feature_stockier_ghastlier_spectrogram,0.5002383814933046,0.3542964280464428,0,0.25,0.5,0.75,1
feature_store_apteral_isocheim,0.50327515442975,0.35362616132501856,0,0.25,0.5,0.75,1
feature_streamlined_constricting_boz,0.5025081878860743,0.35246544910431854,0,0.25,0.5,0.75,1
feature_strychnic_structuralist_chital,0.5006011359396376,0.353897177748394,0,0.25,0.5,0.75,1
feature_stupid_untidying_fraud,0.49396791177811866,0.35430000891462543,0,0.25,0.5,0.75,1
feature_stylar_denudate_intonation,0.49814477011732516,0.3540209374437317,0,0.25,0.5,0.75,1
feature_stylistic_honduran_comprador,0.5000621864765142,0.35279034046449353,0,0.25,0.5,0.75,1
feature_subapostolic_dungy_fermion,0.4996579743791717,0.3536961128250565,0,0.25,0.5,0.75,1
feature_subcordate_hypsometric_matriarchate,0.49927449110733385,0.3533180382258365,0,0.25,0.5,0.75,1
feature_subcultural_overbearing_assiduity,0.500445669748352,0.3540328374044166,0,0.25,0.5,0.75,1
feature_subdued_spiffier_kano,0.5021247046142365,0.3525451530593307,0,0.25,0.5,0.75,1
feature_subglobular_unsalable_patzer,0.4954085651506986,0.3542960108320126,0,0.25,0.5,0.75,1
feature_subject_shaggier_relapse,0.49521164130840345,0.3537774094164244,0,0.25,0.5,0.75,1
feature_submediant_serbonian_rangefinder,0.5030885950002073,0.35402330429849027,0,0.25,0.5,0.75,1
feature_subovate_deicidal_brett,0.5010364412752374,0.35429133532855955,0,0.25,0.5,0.75,1
feature_subsidiary_enzymatic_hedonist,0.5002280170805522,0.3534287012187792,0,0.25,0.5,0.75,1
feature_substandard_permissible_paresthesia,0.5056382405372911,0.3536696512179957,0,0.25,0.5,0.75,1
feature_sudsy_polymeric_posteriority,0.5027776626176361,0.3526177806008649,0,0.25,0.5,0.75,1
feature_suggestive_sexological_massasauga,0.5038970191948924,0.3552793426095322,0,0.25,0.5,0.75,1
feature_sulkier_inebriated_sadduceeism,0.4971497864930973,0.3550375770071708,0,0.25,0.5,0.75,1
feature_sulpha_wiring_ambiance,0.498445338087144,0.3526767284640341,0,0.25,0.5,0.75,1
feature_sumatran_lobose_novice,0.5024667302350648,0.3539842655589497,0,0.25,0.5,0.75,1
feature_sunk_pyrrho_allah,0.49822768541934415,0.3529437760034244,0,0.25,0.5,0.75,1
feature_supergene_legible_antarthritic,0.49739853239915427,0.35549169799418384,0,0.25,0.5,0.75,1
feature_symphysial_cossack_bonaparte,0.5016064839766179,0.3531794258309244,0,0.25,0.5,0.75,1
feature_synoptic_botryose_earthwork,0.4969839558890593,0.3520311286500041,0,0.25,0.5,0.75,1
feature_syrian_coital_counterproof,0.4959371502010696,0.3541671402232541,0,0.25,0.5,0.75,1
feature_systematic_nappiest_bruiser,0.4977301936072302,0.35246338906945807,0,0.25,0.5,0.75,1
feature_talcose_patelliform_cana,0.4961548028688694,0.3541220111131373,0,0.25,0.5,0.75,1
feature_tanagrine_balconied_shut,0.5021454334397413,0.3526552604817039,0,0.25,0.5,0.75,1
feature_tarry_meet_chapel,0.49647609966419304,0.3532131864435265,0,0.25,0.5,0.75,1
feature_teenage_tapetal_infector,0.5017515857551511,0.3528777979384,0,0.25,0.5,0.75,1
feature_telangiectatic_unwon_machtpolitik,0.5009535259732184,0.3533174964125789,0,0.25,0.5,0.75,1
feature_telephonic_shakable_bollock,0.5023941793457982,0.35399574372170595,0,0.25,0.5,0.75,1
feature_telial_gnarliest_darmstadt,0.5015028398490942,0.35286425859529597,0,0.25,0.5,0.75,1
feature_telling_collinear_estanciero,0.5010468056879898,0.3548576705405634,0,0.25,0.5,0.75,1
feature_temporary_dreamful_aldershot,0.501637577214875,0.3548298774686891,0,0.25,0.5,0.75,1
feature_tensed_cinnamonic_league,0.49831060072136313,0.35486249509074824,0,0.25,0.5,0.75,1
feature_tepidity_endocrinal_altaic,0.4971601509058497,0.35533312275022527,0,0.25,0.5,0.75,1
feature_tercentenary_triliteral_formosa,0.49938849964760995,0.35393742832066216,0,0.25,0.5,0.75,1
feature_teriyaki_splashy_inaptitude,0.4998963558724763,0.3546437226574043,0,0.25,0.5,0.75,1
feature_ternary_plump_floridity,0.4993366775838481,0.3543214842681516,0,0.25,0.5,0.75,1
feature_terrific_epigamic_affectivity,0.4963413622984122,0.3529072354037012,0,0.25,0.5,0.75,1
feature_tested_kinkiest_levigation,0.4989221010737532,0.3541083197257607,0,0.25,0.5,0.75,1
feature_thalamencephalic_derisory_carte,0.5016064839766179,0.35244498110703987,0,0.25,0.5,0.75,1
feature_theban_byronic_prolation,0.5034617138592927,0.35245002156150357,0,0.25,0.5,0.75,1
feature_theocratic_discriminate_subchloride,0.5018345010571701,0.3523776926546374,0,0.25,0.5,0.75,1
feature_theocratical_shredded_categorist,0.5038244683056258,0.3537928048863302,0,0.25,0.5,0.75,1
feature_theophanic_winded_passacaglia,0.5015753907383608,0.3532639291142879,0,0.25,0.5,0.75,1
feature_thousandfold_cairned_commutator,0.4981033124663157,0.3529651540020494,0,0.25,0.5,0.75,1
feature_thumblike_aniconic_plantagenet,0.5015961195638655,0.35389408880962436,0,0.25,0.5,0.75,1
feature_tidied_tinnier_sacker,0.500528585050371,0.35420102324085356,0,0.25,0.5,0.75,1
feature_tiniest_rangiest_investment,0.5044877907217777,0.3516619329957968,0,0.25,0.5,0.75,1
feature_titillative_pledged_breccia,0.5007151444799137,0.3534243853721659,0,0.25,0.5,0.75,1
feature_tittering_virgilian_decliner,0.49767837154346833,0.35361172436570926,0,0.25,0.5,0.75,1
feature_together_suppositive_aster,0.5033477053190166,0.3536657811775581,0,0.25,0.5,0.75,1
feature_toilful_exordial_synchro,0.49934704199660046,0.35539126686907985,0,0.25,0.5,0.75,1
feature_tonal_graptolitic_corsac,0.49953360142614317,0.35374724963718446,0,0.25,0.5,0.75,1
feature_tortured_arsenical_arable,0.4963413622984122,0.3538751141324767,0,0.25,0.5,0.75,1
feature_torturesome_estimable_preferrer,0.49521164130840345,0.352816607081687,0,0.25,0.5,0.75,1
feature_tossing_denominative_threshing,0.4922474192612247,0.35366625563263876,0,0.25,0.5,0.75,1
feature_totemic_unshaded_encore,0.49782347332200155,0.3544251022183382,0,0.25,0.5,0.75,1
feature_trabeate_eutherian_valedictory,0.49532564984867955,0.3535188231681316,0,0.25,0.5,0.75,1
feature_tranquilizing_abashed_glyceria,0.5001969238422951,0.35316101382193577,0,0.25,0.5,0.75,1
feature_transmontane_clerkly_value,0.5029538576344265,0.35374987401878505,0,0.25,0.5,0.75,1
feature_transpiring_subsolar_biggy,0.5006736868289042,0.3536516772387871,0,0.25,0.5,0.75,1
feature_travelled_semipermeable_perruquier,0.5033891629700261,0.3525940611672973,0,0.25,0.5,0.75,1
feature_treed_nomographic_trivet,0.495864599311803,0.3526228420431243,0,0.25,0.5,0.75,1
feature_triadic_vitreum_gelding,0.5022698063927697,0.354428172586798,0,0.25,0.5,0.75,1
feature_tribal_germinable_yarraman,0.500860246258447,0.3536439455314256,0,0.25,0.5,0.75,1
feature_tricksy_dithyrambic_pallet,0.5028709423324075,0.35301730018606514,0,0.25,0.5,0.75,1
feature_trim_axial_suffocation,0.5010571701007421,0.3526859178365837,0,0.25,0.5,0.75,1
feature_trochaic_metonymic_dichogamy,0.49963724555366695,0.35382061384061375,0,0.25,0.5,0.75,1
feature_tweedy_noncontroversial_poisoner,0.49938849964760995,0.35401795123940116,0,0.25,0.5,0.75,1
feature_twentieth_pampered_statocyst,0.49848679573815347,0.3539896261072641,0,0.25,0.5,0.75,1
feature_twilled_eliminable_orthoepy,0.4953360142614319,0.3531926349457909,0,0.25,0.5,0.75,1
feature_twinning_inconsequent_quercetin,0.49541892956345096,0.35308365531407515,0,0.25,0.5,0.75,1
feature_twisty_adequate_minutia,0.5002902035570664,0.35312059261107837,0,0.25,0.5,0.75,1
feature_tyrian_wretched_frangipane,0.4998030761577049,0.35335906250848,0,0.25,0.5,0.75,1
feature_umbonate_haired_grisette,0.49763691389245884,0.3564433150161878,0,0.25,0.5,0.75,1
feature_umbrella_sternmost_cloverleaf,0.4958542348990506,0.3546195040913609,0,0.25,0.5,0.75,1
feature_unabolished_monographical_egestion,0.5031300526512168,0.35386920086302726,0,0.25,0.5,0.75,1
feature_unadjusted_citified_tupelo,0.49400936942912815,0.35548353971745905,0,0.25,0.5,0.75,1
feature_unaimed_yonder_filmland,0.49884955018448657,0.35294635096442817,0,0.25,0.5,0.75,1
feature_unaired_operose_lactoprotein,0.4966730235064881,0.3541931075957598,0,0.25,0.5,0.75,1
feature_unaltered_squeezable_subway,0.501274822768542,0.35151138369757373,0,0.25,0.5,0.75,1
feature_unamazed_tumular_photomicrograph,0.4996579743791717,0.3550123604164376,0,0.25,0.5,0.75,1
feature_unapplicable_jerkiest_klemperer,0.5011400854027611,0.35367612488298966,0,0.25,0.5,0.75,1
feature_unassimilated_waxed_vesicle,0.5022905352182745,0.3547714881250333,0,0.25,0.5,0.75,1
feature_unattached_flowing_longfellow,0.5031507814767215,0.3531873666279638,0,0.25,0.5,0.75,1
feature_unawakening_escapism_totemist,0.5052547572654533,0.3539794769887266,0,0.25,0.5,0.75,1
feature_unbagged_parliamentary_plough,0.4979685751005348,0.35294605055327904,0,0.25,0.5,0.75,1
feature_unbeaten_orological_dentin,0.4995232370133908,0.35295157479036776,0,0.25,0.5,0.75,1
feature_unbenign_unpromising_aglet,0.49967870320467644,0.35488097471803937,0,0.25,0.5,0.75,1
feature_unblamed_mammoth_commie,0.504467061896273,0.3527290062180272,0,0.25,0.5,0.75,1
feature_unblunted_titubant_sequoia,0.4994921437751337,0.3533514192522988,0,0.25,0.5,0.75,1
feature_unbreakable_nosological_comedian,0.5043737821815016,0.3546679107950916,0,0.25,0.5,0.75,1
feature_unburied_exponent_pace,0.49901538078852453,0.354360957260277,0,0.25,0.5,0.75,1
feature_uncertified_myrmecological_nagger,0.4991708469798101,0.35552576025951943,0,0.25,0.5,0.75,1
feature_uncharged_unovercome_smolder,0.4983209651341155,0.3537472347569277,0,0.25,0.5,0.75,1
feature_unco_terefah_thirster,0.4988806434227437,0.3534489964503016,0,0.25,0.5,0.75,1
feature_uncomplimentary_malignant_scoff,0.5039073836076448,0.3538504868496563,0,0.25,0.5,0.75,1
feature_uncompromising_fancy_kyle,0.4997616185066954,0.3545742389586442,0,0.25,0.5,0.75,1
feature_uncurtailed_translucid_coccid,0.5000310932382571,0.35517306392094916,0,0.25,0.5,0.75,1
feature_undebauched_conservatory_doronicum,0.5002072882550475,0.3546509836640489,0,0.25,0.5,0.75,1
feature_undemocratic_unrhymed_subarea,0.49704614236557354,0.35451816257726765,0,0.25,0.5,0.75,1
feature_underlying_pegmatitic_disperser,0.49689067617428795,0.35376685367988503,0,0.25,0.5,0.75,1
feature_undersealed_waxiest_floriculturist,0.49471414949628956,0.3556186102266043,0,0.25,0.5,0.75,1
feature_undersexed_agone_metaplasm,0.49766800713071596,0.3556538908937172,0,0.25,0.5,0.75,1
feature_undescribed_methylic_friday,0.49710832884208783,0.3555040337193709,0,0.25,0.5,0.75,1
feature_undetermined_idle_aftergrowth,0.4947763359728038,0.3534854770962086,0,0.25,0.5,0.75,1
feature_undirected_perdu_ylem,0.49432030181169934,0.35397657358869644,0,0.25,0.5,0.75,1
feature_undisguised_whatever_gaul,0.49498362422785125,0.35336384094167983,0,0.25,0.5,0.75,1
feature_undissociated_fuzziest_monoamine,0.49919157580531487,0.35279676449313474,0,0.25,0.5,0.75,1
feature_undistilled_controllable_quad,0.4958956925500601,0.3543860850055223,0,0.25,0.5,0.75,1
feature_undivorced_unsatisfying_praetorium,0.5005700427013805,0.3550193663645682,0,0.25,0.5,0.75,1
feature_undrossy_serpentiform_sack,0.4979789395132872,0.35544444496097877,0,0.25,0.5,0.75,1
feature_unemotional_quietistic_chirper,0.5001554661912856,0.35425990385264583,0,0.25,0.5,0.75,1
feature_unexceptionable_saprozoic_culturist,0.5032647900169976,0.35268341133553055,0,0.25,0.5,0.75,1
feature_unextinct_smectic_isa,0.4966004726172215,0.35256823897289247,0,0.25,0.5,0.75,1
feature_unfathered_roofed_taskmaster,0.49728452385887817,0.3550933668540983,0,0.25,0.5,0.75,1
feature_unfearing_phraseological_adder,0.5039073836076448,0.35360142070135137,0,0.25,0.5,0.75,1
feature_unflagging_goodlier_invalidism,0.5010157124497326,0.35312658899362076,0,0.25,0.5,0.75,1
feature_unforbidden_flaming_settlement,0.5008395174329423,0.3538344505535135,0,0.25,0.5,0.75,1
feature_unforbidden_highbrow_kafir,0.5018966875336843,0.3523258850736407,0,0.25,0.5,0.75,1
feature_unforced_atwitter_nailer,0.49947141494962893,0.35331472074678233,0,0.25,0.5,0.75,1
feature_unforeboding_cometic_billionaire,0.5018655942954272,0.3557914033958346,0,0.25,0.5,0.75,1
feature_unheaded_unmated_behaviour,0.5042390448157208,0.3529154255364522,0,0.25,0.5,0.75,1
feature_unhygienic_brevipennate_viol,0.5015132042618465,0.35495455341994236,0,0.25,0.5,0.75,1
feature_uninclosed_handcrafted_springing,0.5016272128021226,0.3542708293941212,0,0.25,0.5,0.75,1
feature_univalve_abdicant_distrail,0.5029642220471788,0.35399508914595673,0,0.25,0.5,0.75,1
feature_unkindled_apterygial_contributory,0.4960511587413457,0.35518759045634435,0,0.25,0.5,0.75,1
feature_unknown_reusable_cabbage,0.4954707516272128,0.3547937924225776,0,0.25,0.5,0.75,1
feature_unlawful_superintendent_brunet,0.503803739480121,0.3524722274148492,0,0.25,0.5,0.75,1
feature_unlike_creeping_mammock,0.5011504498155135,0.35425075530977546,0,0.25,0.5,0.75,1
feature_unlike_guelfic_sculp,0.5023423572820364,0.35505953631598264,0,0.25,0.5,0.75,1
feature_unlivable_morbific_traveling,0.49709796442933546,0.3542517081108033,0,0.25,0.5,0.75,1
feature_unliving_bit_bengaline,0.5028709423324075,0.35380182772559066,0,0.25,0.5,0.75,1
feature_unlocked_tetraethyl_mobility,0.5004145765100949,0.35320851394256225,0,0.25,0.5,0.75,1
feature_unluckiest_mulley_benzyl,0.5017826789934082,0.35343894183499774,0,0.25,0.5,0.75,1
feature_unmalleable_resistant_kingston,0.5040732142116827,0.3539438020893528,0,0.25,0.5,0.75,1
feature_unmeaning_ungyved_outboard,0.5001243729530285,0.3538464093075061,0,0.25,0.5,0.75,1
feature_unmechanized_completed_specializer,0.4999689067617429,0.3548957217667764,0,0.25,0.5,0.75,1
feature_unmentioned_peddling_arboretum,0.5041561295137017,0.3544768672568671,0,0.25,0.5,0.75,1
feature_unministerial_albinotic_salish,0.5006322291778947,0.355609971520978,0,0.25,0.5,0.75,1
feature_unmodernized_vasodilator_galenist,0.5011297209900087,0.3527407917040019,0,0.25,0.5,0.75,1
feature_unmoved_alt_spoonerism,0.4991086605032959,0.35512452188607047,0,0.25,0.5,0.75,1
feature_unmown_circumventive_drayage,0.5008291530201898,0.35366233725854096,0,0.25,0.5,0.75,1
feature_unnetted_bay_premillennialist,0.49959578790265746,0.3534322094200777,0,0.25,0.5,0.75,1
feature_unnourishing_indiscreet_occiput,0.4996890676174288,0.3527608280754935,0,0.25,0.5,0.75,1
feature_unperfect_implemental_cellarage,0.4979478462750301,0.3525125062993581,0,0.25,0.5,0.75,1
feature_unpruned_pedagoguish_inkblot,0.49815513453007754,0.3537390836226566,0,0.25,0.5,0.75,1
feature_unrated_intact_balmoral,0.4995854234899051,0.354314549414528,0,0.25,0.5,0.75,1
feature_unrelieved_rawish_cement,0.5009224327349613,0.3546900274653935,0,0.25,0.5,0.75,1
feature_unrequired_waxing_skeptic,0.5020106960739604,0.35333506296162204,0,0.25,0.5,0.75,1
feature_unsafe_perspectivist_dairyman,0.5019174163591891,0.3541011100868425,0,0.25,0.5,0.75,1
feature_unsafe_trodden_wintle,0.5002798391443141,0.3556759972971292,0,0.25,0.5,0.75,1
feature_unsatisfied_mesopotamian_woodruff,0.5000207288255047,0.35289315898703705,0,0.25,0.5,0.75,1
feature_unscheduled_malignant_shingling,0.5036586377015878,0.35405080781114756,0,0.25,0.5,0.75,1
feature_unsealed_suffixal_babar,0.49838315161062974,0.3520587368377352,0,0.25,0.5,0.75,1
feature_unseasonable_weathered_med,0.5063326561917002,0.3537201713930963,0,0.25,0.5,0.75,1
feature_unsensualized_classier_professionalisation,0.49766800713071596,0.35477121802557376,0,0.25,0.5,0.75,1
feature_unseparable_cedarn_orcadian,0.500943161560466,0.35490907222419044,0,0.25,0.5,0.75,1
feature_unshaped_compound_trunkfish,0.4934807843787571,0.35507674136916034,0,0.25,0.5,0.75,1
feature_unshingled_dotier_bose,0.5008084241946851,0.35436505919664907,0,0.25,0.5,0.75,1
feature_unshuttered_curly_uvular,0.4996890676174288,0.3537364327401479,0,0.25,0.5,0.75,1
feature_unsolvable_majuscular_caique,0.49685958293603083,0.3527653496764012,0,0.25,0.5,0.75,1
feature_unsparing_moralistic_commissary,0.5003420256208283,0.35221313311638625,0,0.25,0.5,0.75,1
feature_unsparred_scarabaeid_anthologist,0.4980203971642967,0.35566331263628304,0,0.25,0.5,0.75,1
feature_unspotted_practiced_gland,0.5040213921479209,0.35326655739051976,0,0.25,0.5,0.75,1
feature_unstacked_trackable_blizzard,0.49588532813730773,0.35169596909454015,0,0.25,0.5,0.75,1
feature_unstaying_contrary_ichor,0.49822768541934415,0.35298782351083813,0,0.25,0.5,0.75,1
feature_unstitched_peppercorny_value,0.4970876000165831,0.35372091667689304,0,0.25,0.5,0.75,1
feature_unsurveyed_boyish_aleph,0.5029227643961693,0.35380506533724865,0,0.25,0.5,0.75,1
feature_unsurveyed_chopped_feldspathoid,0.4989842875502674,0.35300916293296747,0,0.25,0.5,0.75,1
feature_unsyllabled_skin_underworkman,0.49535674308693667,0.35307550407317,0,0.25,0.5,0.75,1
feature_untellable_penal_allegorization,0.5001451017785332,0.3556505782883062,0,0.25,0.5,0.75,1
feature_untinged_crystallographic_succulent,0.4964553708386883,0.3549108765224165,0,0.25,0.5,0.75,1
feature_untouchable_unsolvable_agouti,0.5003005679698188,0.353864610490094,0,0.25,0.5,0.75,1
feature_untransmuted_homeric_crevice,0.4982173210065918,0.3543029936512705,0,0.25,0.5,0.75,1
feature_untrimmed_monaxial_accompanist,0.5014924754363418,0.3548962354414684,0,0.25,0.5,0.75,1
feature_untumbled_histologic_inion,0.4975747274159446,0.35298761139134077,0,0.25,0.5,0.75,1
feature_unvaried_social_bangkok,0.5004042120973425,0.35470560743959206,0,0.25,0.5,0.75,1
feature_unwarrantable_egotistic_guayule,0.5024770946478172,0.3538340986764637,0,0.25,0.5,0.75,1
feature_unwatered_sightable_hardtack,0.49804112598980144,0.35388128351095693,0,0.25,0.5,0.75,1
feature_unweary_congolese_captain,0.49635172671116456,0.3542667521415321,0,0.25,0.5,0.75,1
feature_unwinding_prettyish_megger,0.49646573525144067,0.353231422687575,0,0.25,0.5,0.75,1
feature_unwonted_trusted_fixative,0.4990672028522864,0.3544598003802116,0,0.25,0.5,0.75,1
feature_unwrung_corkiest_jarvey,0.5003938476845902,0.3545485215939691,0,0.25,0.5,0.75,1
feature_upturned_epicanthic_galilee,0.49472451390904193,0.3552579000604282,0,0.25,0.5,0.75,1
feature_uretic_seral_decoding,0.49947141494962893,0.3512330660531265,0,0.25,0.5,0.75,1
feature_urochordal_swallowed_curn,0.4948903445130799,0.35455942430463666,0,0.25,0.5,0.75,1
feature_vaunting_offshore_bogey,0.500082915302019,0.35413190254722354,0,0.25,0.5,0.75,1
feature_vedic_laryngitic_battuta,0.4990982960905435,0.3532406177015809,0,0.25,0.5,0.75,1
feature_vedic_mitral_swiz,0.4996268811409146,0.35394874137763754,0,0.25,0.5,0.75,1
feature_venatic_intermetallic_darling,0.5033166120807595,0.35432120836829156,0,0.25,0.5,0.75,1
feature_verism_awing_countrywoman,0.5017723145806559,0.3517745073828276,0,0.25,0.5,0.75,1
feature_vestmental_hoofed_transpose,0.5020106960739604,0.35409693379881435,0,0.25,0.5,0.75,1
feature_vibrational_schooled_quadrivalence,0.5021350690269889,0.352879357514125,0,0.25,0.5,0.75,1
feature_virtual_standard_instigator,0.4960097010903362,0.3529697177246155,0,0.25,0.5,0.75,1
feature_viverrine_lockable_quitch,0.49986526263421915,0.35484458456018453,0,0.25,0.5,0.75,1
feature_vizierial_courtlier_hampton,0.49584387048629824,0.35417703221683855,0,0.25,0.5,0.75,1
feature_volitional_ascensive_selfhood,0.4959786078520791,0.3540212563631607,0,0.25,0.5,0.75,1
feature_voltairean_consolidative_parallel,0.4986318975166867,0.35324278694186123,0,0.25,0.5,0.75,1
feature_voltairean_dyslogistic_epagoge,0.5002798391443141,0.3539232034760932,0,0.25,0.5,0.75,1
feature_voltairian_blackened_lodge,0.4979478462750301,0.35324681062986923,0,0.25,0.5,0.75,1
feature_vulcanological_sepulchral_spean,0.5013473736578086,0.3514189555972657,0,0.25,0.5,0.75,1
feature_wale_planned_tolstoy,0.4998548982214668,0.35379513683076325,0,0.25,0.5,0.75,1
feature_wastable_nobler_peeling,0.4980100327515443,0.3528288006752098,0,0.25,0.5,0.75,1
feature_watery_behaviorist_incitation,0.5049438248828821,0.35365439679849214,0,0.25,0.5,0.75,1
feature_wavier_estranged_handstand,0.5027362049666266,0.35422376832464425,0,0.25,0.5,0.75,1
feature_waving_unmourned_bloke,0.4964864640769454,0.3525707959575321,0,0.25,0.5,0.75,1
feature_waxiest_orthogonal_hiroshima,0.5004767629866091,0.35344311617178625,0,0.25,0.5,0.75,1
feature_weldable_beribboned_margate,0.49983416939596204,0.35371455407725166,0,0.25,0.5,0.75,1
feature_westering_immunosuppressive_crapaud,0.4956262178184984,0.354558303568464,0,0.25,0.5,0.75,1
feature_whatsoe'er_discredited_faerie,0.497419261224659,0.35532416056337596,0,0.25,0.5,0.75,1
feature_whistleable_unbedimmed_chokey,0.5006840512416566,0.353728582622258,0,0.25,0.5,0.75,1
feature_whitened_remanent_blast,0.5015235686745989,0.3549289577416619,0,0.25,0.5,0.75,1
feature_whitewashed_aliunde_mesopotamia,0.504384146594254,0.35378631179756764,0,0.25,0.5,0.75,1
feature_wholesale_contrived_caracole,0.5052236640271962,0.3544079113007511,0,0.25,0.5,0.75,1
feature_whopping_eminent_attempter,0.5015442975001037,0.35397119129516796,0,0.25,0.5,0.75,1
feature_wicker_crescent_slavocrat,0.501108992164504,0.35268208512762145,0,0.25,0.5,0.75,1
feature_widespread_mannish_seaquake,0.4946519630197753,0.3551291489104613,0,0.25,0.5,0.75,1
feature_wieldable_defiled_aperitive,0.5037933750673687,0.35380412560400837,0,0.25,0.5,0.75,1
feature_wiliest_specialistic_azrael,0.5021868910907508,0.3549984900287278,0,0.25,0.5,0.75,1
feature_winsome_irreproachable_milkfish,0.493366775838481,0.3531317882503529,0,0.25,0.5,0.75,1
feature_wispy_reverberating_fyrd,0.4972327017951163,0.3543880802099489,0,0.25,0.5,0.75,1
feature_wombed_reverberatory_colourer,0.5004560341611044,0.35494288562723614,0,0.25,0.5,0.75,1
feature_wry_bursal_treadler,0.5020728825504747,0.3547399577716341,0,0.25,0.5,0.75,1
feature_yankee_nonary_okavango,0.5031507814767215,0.353934913382065,0,0.25,0.5,0.75,1
feature_yearning_tippy_taking,0.5028087558558932,0.35383162125782197,0,0.25,0.5,0.75,1
feature_zarathustrian_albigensian_itch,0.5009535259732184,0.35529943628413374,0,0.25,0.5,0.75,1
feature_zionist_enterable_vagabond,0.49947141494962893,0.3528597196908292,0,0.25,0.5,0.75,1
feature_zoochemical_brimful_hector,0.5007566021309232,0.3545150432927475,0,0.25,0.5,0.75,1
feature_zymotic_varnished_mulga,0.5028813067451599,0.35337303524607255,0,0.25,0.5,0.75,1
