era,target,count,Proportion
1,0,103,0.049758454106280194
1,0.25,415,0.20048309178743962
1,0.5,1035,0.5
1,0.75,413,0.19951690821256038
1,1,104,0.050241545893719805
2,0,113,0.05004428697962799
2,0.25,452,0.20017714791851196
2,0.5,1128,0.4995571302037201
2,0.75,452,0.20017714791851196
2,1,113,0.05004428697962799
3,0,116,0.04972138876982426
3,0.25,468,0.20060008572653237
3,0.5,1166,0.4997856836690956
3,0.75,466,0.1997428204029147
3,1,117,0.05015002143163309
4,0,119,0.049604001667361404
4,0.25,482,0.20091704877032096
4,0.5,1198,0.49937473947478117
4,0.75,480,0.2000833680700292
4,1,120,0.0500208420175073
5,0,120,0.0498960498960499
5,0.25,481,0.2
5,0.5,1202,0.4997920997920998
5,0.75,483,0.20083160083160084
5,1,119,0.04948024948024948
6,0,120,0.04971002485501243
6,0.25,483,0.200082850041425
6,0.5,1206,0.4995857497928749
6,0.75,485,0.20091135045567524
6,1,120,0.04971002485501243
7,0,121,0.05002066969822241
7,0.25,483,0.1996692848284415
7,0.5,1211,0.5006200909466721
7,0.75,483,0.1996692848284415
7,1,121,0.05002066969822241
8,0,120,0.05037783375314862
8,0.25,476,0.1998320738874895
8,0.5,1190,0.4995801847187238
8,0.75,477,0.20025188916876574
8,1,119,0.049958018471872374
9,0,119,0.05025337837837838
9,0.25,472,0.19932432432432431
9,0.5,1184,0.5
9,0.75,475,0.20059121621621623
9,1,118,0.04983108108108108
10,0,118,0.04993652137113838
10,0.25,474,0.20059246720270843
10,0.5,1181,0.49978840457046125
10,0.75,471,0.1993228946254761
10,1,119,0.050359712230215826
11,0,117,0.0499359795134443
11,0.25,469,0.20017072129748187
11,0.5,1171,0.49978659837814765
11,0.75,469,0.20017072129748187
11,1,117,0.0499359795134443
12,0,121,0.05008278145695364
12,0.25,484,0.20033112582781457
12,0.5,1208,0.5
12,0.75,483,0.19991721854304637
12,1,120,0.04966887417218543
13,0,122,0.05035080478745357
13,0.25,482,0.19892695006190672
13,0.5,1212,0.5002063557573256
13,0.75,486,0.20057779612051177
13,1,121,0.04993809327280231
14,0,122,0.05026782035434693
14,0.25,485,0.19983518747424805
14,0.5,1212,0.49938195302843014
14,0.75,488,0.20107128141738773
14,1,120,0.049443757725587144
15,0,122,0.04997951659156084
15,0.25,489,0.20032773453502664
15,0.5,1221,0.5002048340843916
15,0.75,487,0.19950839819746005
15,1,122,0.04997951659156084
16,0,122,0.05004101722723544
16,0.25,488,0.20016406890894176
16,0.5,1218,0.4995898277276456
16,0.75,488,0.20016406890894176
16,1,122,0.05004101722723544
17,0,126,0.04992076069730586
17,0.25,503,0.19928684627575277
17,0.5,1265,0.501188589540412
17,0.75,505,0.20007923930269414
17,1,125,0.04952456418383518
18,0,127,0.04974539757148453
18,0.25,512,0.20054837446141793
18,0.5,1276,0.49980415197806505
18,0.75,510,0.199764982373678
18,1,128,0.05013709361535448
19,0,129,0.05001938735944164
19,0.25,516,0.20007754943776657
19,0.5,1288,0.4994183792167507
19,0.75,517,0.20046529662659945
19,1,129,0.05001938735944164
20,0,130,0.0498848810437452
20,0.25,521,0.19992325402916347
20,0.5,1303,0.5
20,0.75,522,0.2003069838833461
20,1,130,0.0498848810437452
21,0,133,0.050188679245283016
21,0.25,530,0.2
21,0.5,1324,0.499622641509434
21,0.75,531,0.20037735849056604
21,1,132,0.04981132075471698
22,0,134,0.050149700598802395
22,0.25,533,0.19947604790419163
22,0.5,1335,0.499625748502994
22,0.75,537,0.20097305389221556
22,1,133,0.049775449101796404
23,0,135,0.04985228951255539
23,0.25,542,0.20014771048744462
23,0.5,1356,0.5007385524372231
23,0.75,539,0.19903988183161003
23,1,136,0.050221565731166914
24,0,136,0.050110537951363304
24,0.25,544,0.20044215180545322
24,0.5,1355,0.49926308032424466
24,0.75,543,0.20007369196757555
24,1,136,0.050110537951363304
25,0,142,0.05010585744530699
25,0.25,566,0.19971771347918138
25,0.5,1419,0.5007057163020465
25,0.75,566,0.19971771347918138
25,1,141,0.0497529992942837
26,0,142,0.05007052186177715
26,0.25,565,0.19922425952045134
26,0.5,1421,0.5010578279266573
26,0.75,566,0.1995768688293371
26,1,142,0.05007052186177715
27,0,145,0.05022514721163838
27,0.25,576,0.19951506754416348
27,0.5,1445,0.5005195704883962
27,0.75,576,0.19951506754416348
27,1,145,0.05022514721163838
28,0,145,0.04998276456394347
28,0.25,582,0.20062047569803515
28,0.5,1448,0.4991382281971734
28,0.75,581,0.20027576697690452
28,1,145,0.04998276456394347
29,0,150,0.050369375419744795
29,0.25,596,0.20013431833445267
29,0.5,1489,0.5
29,0.75,594,0.1994627266621894
29,1,149,0.050033579583613166
30,0,150,0.05021760964178105
30,0.25,598,0.20020087043856713
30,0.5,1492,0.4994978239035822
30,0.75,598,0.20020087043856713
30,1,149,0.04988282557750251
31,0,150,0.04995004995004995
31,0.25,601,0.20013320013320013
31,0.5,1502,0.5001665001665002
31,0.75,600,0.1998001998001998
31,1,150,0.04995004995004995
32,0,151,0.050249584026622295
32,0.25,601,0.2
32,0.5,1500,0.49916805324459235
32,0.75,602,0.20033277870216307
32,1,151,0.050249584026622295
33,0,151,0.050132802124833994
33,0.25,603,0.20019920318725098
33,0.5,1506,0.5
33,0.75,602,0.199867197875166
33,1,150,0.049800796812749
34,0,150,0.05013368983957219
34,0.25,598,0.1998663101604278
34,0.5,1494,0.49933155080213903
34,0.75,600,0.20053475935828877
34,1,150,0.05013368983957219
35,0,150,0.0497677504976775
35,0.25,603,0.20006635700066358
35,0.5,1506,0.4996682149966821
35,0.75,604,0.20039814200398143
35,1,151,0.05009953550099536
36,0,151,0.049950380416804496
36,0.25,606,0.20046311610982467
36,0.5,1510,0.49950380416804496
36,0.75,605,0.20013231888852134
36,1,151,0.049950380416804496
37,0,152,0.050148465852853846
37,0.25,607,0.20026393929396238
37,0.5,1514,0.4995051138238205
37,0.75,607,0.20026393929396238
37,1,151,0.04981854173540086
38,0,157,0.05004781638508129
38,0.25,626,0.1995537137392413
38,0.5,1572,0.5011157156518967
38,0.75,625,0.1992349378386994
38,1,157,0.05004781638508129
39,0,158,0.0499841822208162
39,0.25,633,0.20025308446694084
39,0.5,1579,0.49952546662448594
39,0.75,633,0.20025308446694084
39,1,158,0.0499841822208162
40,0,159,0.049984281672430055
40,0.25,638,0.20056585979251806
40,0.5,1589,0.4995284501729016
40,0.75,636,0.19993712668972022
40,1,159,0.049984281672430055
41,0,159,0.04987452948557089
41,0.25,639,0.20043914680050187
41,0.5,1593,0.49968632371392724
41,0.75,638,0.2001254705144291
41,1,159,0.04987452948557089
42,0,159,0.05001572821642026
42,0.25,636,0.20006291286568104
42,0.5,1589,0.4998427178357974
42,0.75,636,0.20006291286568104
42,1,159,0.05001572821642026
43,0,165,0.04993946731234867
43,0.25,660,0.19975786924939468
43,0.5,1653,0.5003026634382567
43,0.75,661,0.20006053268765134
43,1,165,0.04993946731234867
44,0,167,0.05015015015015015
44,0.25,664,0.1993993993993994
44,0.5,1667,0.5006006006006006
44,0.75,665,0.1996996996996997
44,1,167,0.05015015015015015
45,0,168,0.05007451564828614
45,0.25,671,0.2
45,0.5,1676,0.49955290611028313
45,0.75,673,0.2005961251862891
45,1,167,0.04977645305514158
46,0,168,0.05002977963073258
46,0.25,672,0.20011911852293032
46,0.5,1678,0.4997022036926742
46,0.75,671,0.19982132221560453
46,1,169,0.050327575938058366
47,0,167,0.04974679773607388
47,0.25,670,0.19958296097706285
47,0.5,1680,0.5004468275245755
47,0.75,673,0.2004766160262139
47,1,167,0.04974679773607388
48,0,169,0.050014797277300974
48,0.25,676,0.2000591891092039
48,0.5,1687,0.4992601361349512
48,0.75,678,0.20065108020124298
48,1,169,0.050014797277300974
49,0,170,0.05013270421704512
49,0.25,679,0.2002359186080802
49,0.5,1693,0.4992627543497493
49,0.75,679,0.2002359186080802
49,1,170,0.05013270421704512
50,0,170,0.05001471020888497
50,0.25,679,0.19976463665784053
50,0.5,1700,0.5001471020888497
50,0.75,680,0.20005884083553988
50,1,170,0.05001471020888497
51,0,170,0.04985337243401759
51,0.25,683,0.2002932551319648
51,0.5,1704,0.4997067448680352
51,0.75,683,0.2002932551319648
51,1,170,0.04985337243401759
52,0,171,0.05020551967116853
52,0.25,679,0.19935408103347035
52,0.5,1702,0.4997064004697592
52,0.75,683,0.20052847915443336
52,1,171,0.05020551967116853
53,0,170,0.04979496192149971
53,0.25,684,0.20035149384885764
53,0.5,1707,0.5
53,0.75,683,0.20005858230814294
53,1,170,0.04979496192149971
54,0,171,0.05007320644216691
54,0.25,682,0.19970717423133236
54,0.5,1711,0.5010248901903368
54,0.75,680,0.19912152269399708
54,1,171,0.05007320644216691
55,0,170,0.049911920140927775
55,0.25,681,0.19994128009395185
55,0.5,1704,0.5002935995302408
55,0.75,680,0.1996476805637111
55,1,171,0.05020551967116853
56,0,171,0.04957958828645984
56,0.25,691,0.2003479269353436
56,0.5,1725,0.5001449695563932
56,0.75,689,0.19976804870977094
56,1,173,0.05015946651203247
57,0,164,0.050045773573390295
57,0.25,654,0.19957277998169057
57,0.5,1643,0.5013732072017089
57,0.75,652,0.19896246566981995
57,1,164,0.050045773573390295
58,0,172,0.05010195164579085
58,0.25,686,0.19982522575007283
58,0.5,1717,0.5001456452082726
58,0.75,686,0.19982522575007283
58,1,172,0.05010195164579085
59,0,172,0.049840625905534626
59,0.25,690,0.19994204578383076
59,0.5,1726,0.500144885540423
59,0.75,691,0.2002318168646769
59,1,172,0.049840625905534626
60,0,173,0.04988465974625144
60,0.25,695,0.20040369088811996
60,0.5,1733,0.4997116493656286
60,0.75,693,0.19982698961937717
60,1,174,0.050173010380622836
61,0,165,0.049894163894768674
61,0.25,662,0.2001814333232537
61,0.5,1653,0.4998488055639552
61,0.75,662,0.2001814333232537
61,1,165,0.049894163894768674
62,0,175,0.0500858614768174
62,0.25,700,0.2003434459072696
62,0.5,1745,0.4994275901545507
62,0.75,699,0.20005724098454494
62,1,175,0.0500858614768174
63,0,174,0.04982817869415808
63,0.25,700,0.2004581901489118
63,0.5,1743,0.4991408934707904
63,0.75,700,0.2004581901489118
63,1,175,0.05011454753722795
64,0,175,0.05
64,0.25,699,0.1997142857142857
64,0.5,1750,0.5
64,0.75,700,0.2
64,1,176,0.05028571428571429
65,0,178,0.05
65,0.25,711,0.1997191011235955
65,0.5,1779,0.4997191011235955
65,0.75,714,0.200561797752809
65,1,178,0.05
66,0,179,0.050013970382788486
66,0.25,716,0.20005588153115395
66,0.5,1788,0.49958088851634536
66,0.75,717,0.20033528918692373
66,1,179,0.050013970382788486
67,0,180,0.05022321428571429
67,0.25,714,0.19921875
67,0.5,1794,0.5005580357142857
67,0.75,716,0.19977678571428573
67,1,180,0.05022321428571429
68,0,179,0.049930264993026496
68,0.25,718,0.200278940027894
68,0.5,1792,0.499860529986053
68,0.75,717,0.2
68,1,179,0.049930264993026496
69,0,180,0.05008347245409015
69,0.25,717,0.1994991652754591
69,0.5,1797,0.5
69,0.75,721,0.20061213132999445
69,1,179,0.049805230940456316
70,0,179,0.04998603741971516
70,0.25,716,0.19994414967886065
70,0.5,1791,0.5001396258028483
70,0.75,716,0.19994414967886065
70,1,179,0.04998603741971516
71,0,178,0.04995790064552343
71,0.25,714,0.20039292730844793
71,0.5,1781,0.49985966881841143
71,0.75,711,0.19955094021891664
71,1,179,0.05023856300870053
72,0,178,0.05021156558533145
72,0.25,709,0.2
72,0.5,1772,0.4998589562764457
72,0.75,709,0.2
72,1,177,0.04992947813822285
73,0,176,0.049886621315192746
73,0.25,706,0.20011337868480725
73,0.5,1763,0.49971655328798187
73,0.75,708,0.20068027210884354
73,1,175,0.0496031746031746
74,0,176,0.05014245014245014
74,0.25,702,0.2
74,0.5,1755,0.5
74,0.75,702,0.2
74,1,175,0.04985754985754986
75,0,175,0.05017201834862385
75,0.25,696,0.19954128440366972
75,0.5,1744,0.5
75,0.75,699,0.200401376146789
75,1,174,0.04988532110091743
76,0,174,0.05014409221902017
76,0.25,694,0.2
76,0.5,1735,0.5
76,0.75,694,0.2
76,1,173,0.04985590778097983
77,0,171,0.04957958828645984
77,0.25,692,0.2006378660481299
77,0.5,1725,0.5001449695563932
77,0.75,690,0.20005798782255726
77,1,171,0.04957958828645984
78,0,178,0.05007032348804501
78,0.25,710,0.19971870604781997
78,0.5,1779,0.5004219409282701
78,0.75,710,0.19971870604781997
78,1,178,0.05007032348804501
79,0,180,0.04995836802664446
79,0.25,722,0.20038856508465167
79,0.5,1799,0.49930613377740773
79,0.75,722,0.20038856508465167
79,1,180,0.04995836802664446
80,0,181,0.05024986118822876
80,0.25,719,0.19961132704053303
80,0.5,1802,0.5002776235424764
80,0.75,720,0.19988895058300943
80,1,180,0.04997223764575236
81,0,180,0.04997223764575236
81,0.25,719,0.19961132704053303
81,0.5,1800,0.4997223764575236
81,0.75,724,0.20099944475291504
81,1,179,0.049694614103275955
82,0,179,0.05
82,0.25,715,0.19972067039106145
82,0.5,1791,0.5002793296089385
82,0.75,716,0.2
82,1,179,0.05
83,0,178,0.05002810567734682
83,0.25,712,0.20011242270938728
83,0.5,1779,0.5
83,0.75,711,0.19983136593591905
83,1,178,0.05002810567734682
84,0,178,0.0502540937323546
84,0.25,708,0.19988706945228685
84,0.5,1769,0.49943534726143424
84,0.75,710,0.20045172219085264
84,1,177,0.04997176736307171
85,0,176,0.05005688282138794
85,0.25,704,0.20022753128555176
85,0.5,1756,0.49943117178612056
85,0.75,705,0.20051194539249148
85,1,175,0.04977246871444824
86,0,175,0.049843349473084594
86,0.25,704,0.20051267445172316
86,0.5,1756,0.5001424095699231
86,0.75,701,0.19965821703218456
86,1,175,0.049843349473084594
87,0,175,0.05004289390906491
87,0.25,701,0.20045753503002572
87,0.5,1746,0.4992851015155848
87,0.75,700,0.20017157563625965
87,1,175,0.05004289390906491
88,0,174,0.04971428571428571
88,0.25,702,0.20057142857142857
88,0.5,1749,0.4997142857142857
88,0.75,700,0.2
88,1,175,0.05
89,0,176,0.0499290780141844
89,0.25,706,0.2002836879432624
89,0.5,1763,0.5001418439716312
89,0.75,704,0.1997163120567376
89,1,176,0.0499290780141844
90,0,176,0.05004264998578334
90,0.25,704,0.20017059994313335
90,0.5,1759,0.5001421666192778
90,0.75,702,0.19960193346602217
90,1,176,0.05004264998578334
91,0,174,0.04979965655409273
91,0.25,699,0.20005724098454494
91,0.5,1748,0.5002862049227247
91,0.75,698,0.19977103606182026
91,1,175,0.0500858614768174
92,0,175,0.05011454753722795
92,0.25,696,0.19931271477663232
92,0.5,1749,0.5008591065292096
92,0.75,698,0.19988545246277206
92,1,174,0.04982817869415808
93,0,175,0.04977246871444824
93,0.25,703,0.19994311717861205
93,0.5,1760,0.5005688282138794
93,0.75,702,0.19965870307167236
93,1,176,0.05005688282138794
94,0,176,0.049914917753828704
94,0.25,707,0.2005104934770278
94,0.5,1762,0.49971639251276234
94,0.75,705,0.19994327850255247
94,1,176,0.049914917753828704
95,0,176,0.04990076552310746
95,0.25,706,0.2001701162461015
95,0.5,1764,0.5001417635384179
95,0.75,704,0.19960306209242984
95,1,177,0.050184292599943295
96,0,177,0.04994356659142212
96,0.25,709,0.20005643340857787
96,0.5,1773,0.5002821670428894
96,0.75,707,0.1994920993227991
96,1,178,0.050225733634311515
97,0,179,0.05016816143497758
97,0.25,714,0.20011210762331838
97,0.5,1783,0.499719730941704
97,0.75,713,0.19983183856502243
97,1,179,0.05016816143497758
98,0,181,0.05023591451568138
98,0.25,720,0.19983347210657784
98,0.5,1801,0.49986122675548156
98,0.75,721,0.20011101859561475
98,1,180,0.04995836802664446
99,0,180,0.049778761061946904
99,0.25,722,0.19966814159292035
99,0.5,1810,0.5005530973451328
99,0.75,723,0.19994469026548672
99,1,181,0.050055309734513276
100,0,181,0.04969796814936848
100,0.25,727,0.19961559582646898
100,0.5,1822,0.500274574409665
100,0.75,730,0.20043931905546403
100,1,182,0.049972542559033495
101,0,184,0.04998641673458299
101,0.25,736,0.19994566693833196
101,0.5,1842,0.5004074979625102
101,0.75,735,0.19967400162999185
101,1,184,0.04998641673458299
102,0,187,0.05029585798816568
102,0.25,741,0.1993006993006993
102,0.5,1860,0.5002689618074233
102,0.75,745,0.2003765465303927
102,1,185,0.04975793437331899
103,0,187,0.049879967991464394
103,0.25,749,0.19978660976260337
103,0.5,1878,0.5009335822886103
103,0.75,749,0.19978660976260337
103,1,186,0.04961323019471859
104,0,188,0.04986737400530504
104,0.25,755,0.2002652519893899
104,0.5,1885,0.5
104,0.75,754,0.2
104,1,188,0.04986737400530504
105,0,187,0.04978700745473908
105,0.25,750,0.19968051118210864
105,0.5,1880,0.5005324813631523
105,0.75,751,0.19994675186368477
105,1,188,0.05005324813631523
106,0,189,0.049933949801849405
106,0.25,758,0.20026420079260238
106,0.5,1891,0.49960369881109645
106,0.75,758,0.20026420079260238
106,1,189,0.049933949801849405
107,0,190,0.05007907221929362
107,0.25,760,0.20031628887717448
107,0.5,1896,0.49973642593568796
107,0.75,759,0.2000527148128624
107,1,189,0.04981549815498155
108,0,190,0.04975124378109453
108,0.25,765,0.20031421838177532
108,0.5,1910,0.5001309243257397
108,0.75,763,0.19979052107881645
108,1,191,0.05001309243257397
109,0,192,0.0501436406372421
109,0.25,764,0.19952990336902585
109,0.5,1915,0.5001305823974929
109,0.75,767,0.20031339775398277
109,1,191,0.04988247584225646
110,0,193,0.05011685276551545
110,0.25,771,0.20020773824980526
110,0.5,1924,0.4996104907816152
110,0.75,771,0.20020773824980526
110,1,192,0.0498571799532589
111,0,194,0.05007743933918431
111,0.25,775,0.20005162622612288
111,0.5,1937,0.5
111,0.75,774,0.1997934950955085
111,1,194,0.05007743933918431
112,0,193,0.049780758318287335
112,0.25,776,0.20015475883415013
112,0.5,1939,0.5001289656951251
112,0.75,775,0.19989682744389992
112,1,194,0.05003868970853753
113,0,194,0.0500515995872033
113,0.25,775,0.19994840041279668
113,0.5,1939,0.5002579979360166
113,0.75,774,0.1996904024767802
113,1,194,0.0500515995872033
114,0,195,0.05006418485237484
114,0.25,779,0.2
114,0.5,1947,0.49987163029525034
114,0.75,781,0.20051347881899872
114,1,193,0.04955070603337612
115,0,197,0.050383631713554984
115,0.25,781,0.19974424552429668
115,0.5,1956,0.5002557544757034
115,0.75,781,0.19974424552429668
115,1,195,0.049872122762148335
116,0,195,0.04980842911877394
116,0.25,783,0.2
116,0.5,1960,0.5006385696040868
116,0.75,781,0.1994891443167305
116,1,196,0.05006385696040869
117,0,195,0.04991041719989762
117,0.25,782,0.20015357051446123
117,0.5,1954,0.5001279754287177
117,0.75,780,0.19964166879959047
117,1,196,0.050166368057332995
118,0,196,0.04986008649198677
118,0.25,787,0.20020351055711014
118,0.5,1966,0.5001271940981938
118,0.75,785,0.19969473416433478
118,1,197,0.05011447468837446
119,0,196,0.04989816700610998
119,0.25,787,0.20035641547861507
119,0.5,1963,0.49974541751527496
119,0.75,786,0.20010183299389003
119,1,196,0.04989816700610998
120,0,196,0.05
120,0.25,784,0.2
120,0.5,1958,0.49948979591836734
120,0.75,786,0.20051020408163264
120,1,196,0.05
121,0,196,0.049910873440285206
121,0.25,788,0.2006620830150242
121,0.5,1960,0.49910873440285203
121,0.75,786,0.2001527883880825
121,1,197,0.05016552075375605
122,0,195,0.0498848810437452
122,0.25,782,0.2000511639805577
122,0.5,1956,0.5003837298541827
122,0.75,780,0.1995395241749808
122,1,196,0.05014070094653364
123,0,195,0.05002565418163161
123,0.25,779,0.19984607491021036
123,0.5,1947,0.49948691636736786
123,0.75,782,0.20061570035915854
123,1,195,0.05002565418163161
124,0,193,0.049780758318287335
124,0.25,776,0.20015475883415013
124,0.5,1937,0.4996131029146247
124,0.75,778,0.2006706216146505
124,1,193,0.049780758318287335
125,0,194,0.050129198966408266
125,0.25,774,0.2
125,0.5,1934,0.4997416020671835
125,0.75,774,0.2
125,1,194,0.050129198966408266
126,0,191,0.049869451697127934
126,0.25,769,0.20078328981723237
126,0.5,1913,0.4994778067885117
126,0.75,766,0.2
126,1,191,0.049869451697127934
127,0,191,0.04988247584225646
127,0.25,766,0.20005223295899713
127,0.5,1915,0.5001305823974929
127,0.75,766,0.20005223295899713
127,1,191,0.04988247584225646
128,0,193,0.05023425299323269
128,0.25,768,0.19989588755856325
128,0.5,1919,0.49947943779281623
128,0.75,770,0.20041644976574702
128,1,192,0.04997397188964081
129,0,193,0.05011685276551545
129,0.25,770,0.1999480654375487
129,0.5,1926,0.5001298364061283
129,0.75,768,0.1994287198130356
129,1,194,0.05037652557777201
130,0,196,0.050102249488752554
130,0.25,783,0.20015337423312884
130,0.5,1955,0.49974437627811863
130,0.75,782,0.19989775051124745
130,1,196,0.050102249488752554
131,0,196,0.04994903160040775
131,0.25,785,0.20005096839959224
131,0.5,1962,0.5
131,0.75,785,0.20005096839959224
131,1,196,0.04994903160040775
132,0,196,0.04994903160040775
132,0.25,783,0.19954128440366972
132,0.5,1964,0.5005096839959225
132,0.75,784,0.199796126401631
132,1,197,0.05020387359836901
133,0,197,0.05012722646310432
133,0.25,785,0.19974554707379136
133,0.5,1965,0.5
133,0.75,786,0.2
133,1,197,0.05012722646310432
134,0,197,0.049785190801111955
134,0.25,793,0.2004043467273187
134,0.5,1977,0.49962092494313876
134,0.75,793,0.2004043467273187
134,1,197,0.049785190801111955
135,0,198,0.05002526528549773
135,0.25,792,0.20010106114199092
135,0.5,1978,0.4997473471450227
135,0.75,792,0.20010106114199092
135,1,198,0.05002526528549773
136,0,198,0.04994954591321897
136,0.25,793,0.20005045408678102
136,0.5,1981,0.49974772956609487
136,0.75,794,0.20030272452068618
136,1,198,0.04994954591321897
137,0,199,0.05002513826043238
137,0.25,794,0.19959778783308196
137,0.5,1991,0.5005027652086476
137,0.75,795,0.19984917043740574
137,1,199,0.05002513826043238
138,0,197,0.04984817813765182
138,0.25,790,0.19989878542510123
138,0.5,1978,0.5005060728744939
138,0.75,790,0.19989878542510123
138,1,197,0.04984817813765182
139,0,198,0.050190114068441066
139,0.25,790,0.2002534854245881
139,0.5,1970,0.49936628643852976
139,0.75,790,0.2002534854245881
139,1,197,0.04993662864385298
140,0,197,0.05
140,0.25,788,0.2
140,0.5,1968,0.49949238578680205
140,0.75,790,0.20050761421319796
140,1,197,0.05
141,0,198,0.049987376925018936
141,0.25,793,0.20020196919969704
141,0.5,1980,0.49987376925018934
141,0.75,792,0.19994950770007575
141,1,198,0.049987376925018936
142,0,198,0.049924357034795766
142,0.25,795,0.2004538577912254
142,0.5,1980,0.49924357034795763
142,0.75,796,0.20070600100857286
142,1,197,0.04967221381744831
143,0,200,0.050226017076845805
143,0.25,795,0.1996484178804621
143,0.5,1991,0.5
143,0.75,797,0.20015067805123055
143,1,199,0.049974886991461576
144,0,200,0.05016302984700276
144,0.25,795,0.19939804364183597
144,0.5,1995,0.5003762227238525
144,0.75,798,0.200150489089541
144,1,199,0.04991221469776774
145,0,201,0.04983882965534342
145,0.25,807,0.2000991817505579
145,0.5,2016,0.49987602281180266
145,0.75,809,0.2005950905033474
145,1,200,0.049590875278948676
146,0,201,0.0497894476096111
146,0.25,806,0.19965320782759474
146,0.5,2021,0.5006192717364379
146,0.75,807,0.19990091652216993
146,1,202,0.05003715630418628
147,0,201,0.04977711738484398
147,0.25,807,0.199851411589896
147,0.5,2021,0.5004952947003467
147,0.75,807,0.199851411589896
147,1,202,0.05002476473501734
148,0,202,0.05007436787307883
148,0.25,806,0.1998016856717898
148,0.5,2018,0.5002478929102627
148,0.75,806,0.1998016856717898
148,1,202,0.05007436787307883
149,0,202,0.05001237930180738
149,0.25,808,0.20004951720722952
149,0.5,2018,0.49962862094577865
149,0.75,809,0.20029710324337707
149,1,202,0.05001237930180738
150,0,204,0.050382810570511236
150,0.25,808,0.1995554457890837
150,0.5,2025,0.5001234872808101
150,0.75,810,0.20004939491232404
150,1,202,0.04988886144727093
151,0,203,0.05001231830500123
151,0.25,811,0.19980290711998028
151,0.5,2030,0.5001231830500124
151,0.75,812,0.20004927322000493
151,1,203,0.05001231830500123
152,0,203,0.049852652259332025
152,0.25,816,0.20039292730844793
152,0.5,2036,0.5
152,0.75,813,0.19965618860510806
152,1,204,0.05009823182711198
153,0,204,0.04996326230712711
153,0.25,816,0.19985304922850844
153,0.5,2042,0.500122458976243
153,0.75,817,0.20009796718099437
153,1,204,0.04996326230712711
154,0,204,0.04978038067349927
154,0.25,822,0.2005856515373353
154,0.5,2048,0.4997559785261103
154,0.75,819,0.19985358711566617
154,1,205,0.05002440214738897
155,0,205,0.05001219809709685
155,0.25,820,0.2000487923883874
155,0.5,2049,0.49987801902903145
155,0.75,820,0.2000487923883874
155,1,205,0.05001219809709685
156,0,207,0.049891540130151846
156,0.25,830,0.20004820438659918
156,0.5,2075,0.5001205109664979
156,0.75,830,0.20004820438659918
156,1,207,0.049891540130151846
157,0,207,0.04998792562183048
157,0.25,828,0.19995170248732191
157,0.5,2070,0.49987925621830476
157,0.75,829,0.2001931900507124
157,1,207,0.04998792562183048
158,0,207,0.04987951807228916
158,0.25,831,0.2002409638554217
158,0.5,2074,0.49975903614457834
158,0.75,830,0.2
158,1,208,0.05012048192771084
159,0,209,0.04998804113848362
159,0.25,837,0.20019134178426215
159,0.5,2088,0.4994020569241808
159,0.75,839,0.20066969624491748
159,1,208,0.049748863908155944
160,0,210,0.049976201808662545
160,0.25,839,0.19966682532127558
160,0.5,2102,0.5002379819133745
160,0.75,840,0.19990480723465018
160,1,211,0.05021418372203713
161,0,211,0.05004743833017078
161,0.25,843,0.19995256166982922
161,0.5,2108,0.5
161,0.75,843,0.19995256166982922
161,1,211,0.05004743833017078
162,0,211,0.049846444601937163
162,0.25,848,0.20033073470351997
162,0.5,2115,0.49964564138908574
162,0.75,847,0.20009449562957712
162,1,212,0.050082683675879994
163,0,212,0.050106357835027183
163,0.25,847,0.20018908059560386
163,0.5,2113,0.49940912313873786
163,0.75,847,0.20018908059560386
163,1,212,0.050106357835027183
164,0,213,0.05001173984503404
164,0.25,852,0.20004695938013617
164,0.5,2130,0.5001173984503404
164,0.75,851,0.19981216247945527
164,1,213,0.05001173984503404
165,0,214,0.04996497781928555
165,0.25,857,0.20009339248190522
165,0.5,2142,0.5001167406023815
165,0.75,856,0.1998599112771422
165,1,214,0.04996497781928555
166,0,215,0.04998837479655894
166,0.25,860,0.19995349918623576
166,0.5,2152,0.5003487561032318
166,0.75,858,0.19948849104859334
166,1,216,0.050220878865380146
167,0,215,0.04988399071925754
167,0.25,864,0.20046403712296984
167,0.5,2153,0.49953596287703017
167,0.75,863,0.20023201856148493
167,1,215,0.04988399071925754
168,0,216,0.05001157675387821
168,0.25,863,0.1998147719379486
168,0.5,2161,0.5003473026163464
168,0.75,863,0.1998147719379486
168,1,216,0.05001157675387821
169,0,217,0.049908003679852805
169,0.25,869,0.1998620055197792
169,0.5,2176,0.500459981600736
169,0.75,868,0.19963201471941122
169,1,218,0.05013799448022079
170,0,218,0.05003442735827404
170,0.25,871,0.19990819371126922
170,0.5,2178,0.4998852421390865
170,0.75,872,0.20013770943309617
170,1,218,0.05003442735827404
171,0,218,0.04990842490842491
171,0.25,874,0.2000915750915751
171,0.5,2185,0.5002289377289377
171,0.75,872,0.19963369963369965
171,1,219,0.05013736263736264
172,0,218,0.04990842490842491
172,0.25,875,0.20032051282051283
172,0.5,2182,0.49954212454212454
172,0.75,875,0.20032051282051283
172,1,218,0.04990842490842491
173,0,221,0.05028441410693971
173,0.25,877,0.19954493742889648
173,0.5,2199,0.5003412969283276
173,0.75,878,0.19977246871444823
173,1,220,0.05005688282138794
174,0,222,0.05026035770885216
174,0.25,882,0.19968304278922344
174,0.5,2208,0.49988680099615124
174,0.75,884,0.20013583880461852
174,1,221,0.05003395970115463
175,0,213,0.04980126256722001
175,0.25,857,0.20037409399111528
175,0.5,2136,0.4994154781388824
175,0.75,857,0.20037409399111528
175,1,214,0.050035071311667054
176,0,214,0.05001168497312456
176,0.25,854,0.19957934096751578
176,0.5,2142,0.5005842486562281
176,0.75,855,0.199813040430007
176,1,214,0.05001168497312456
177,0,214,0.05002337540906966
177,0.25,856,0.20009350163627865
177,0.5,2139,0.5
177,0.75,854,0.19962599345488546
177,1,215,0.05025712949976625
178,0,213,0.05010585744530699
178,0.25,849,0.19971771347918138
178,0.5,2126,0.5001176193836744
178,0.75,851,0.20018819101387908
178,1,212,0.049870618677958126
179,0,211,0.05013067236873366
179,0.25,842,0.20004751722499406
179,0.5,2104,0.49988120693751487
179,0.75,842,0.20004751722499406
179,1,210,0.04989308624376337
180,0,210,0.05
180,0.25,839,0.19976190476190475
180,0.5,2102,0.5004761904761905
180,0.75,838,0.19952380952380952
180,1,211,0.05023809523809524
181,0,209,0.04995219885277247
181,0.25,837,0.20004780114722753
181,0.5,2091,0.49976099426386233
181,0.75,839,0.20052581261950286
181,1,208,0.0497131931166348
182,0,210,0.05008347245409015
182,0.25,839,0.20009539709038873
182,0.5,2096,0.49988075363701406
182,0.75,838,0.1998569043644169
182,1,210,0.05008347245409015
183,0,214,0.05030559473436765
183,0.25,849,0.1995768688293371
183,0.5,2127,0.5
183,0.75,852,0.2002820874471086
183,1,212,0.04983544898918665
184,0,215,0.050292397660818715
184,0.25,853,0.19953216374269006
184,0.5,2139,0.5003508771929824
184,0.75,854,0.19976608187134504
184,1,214,0.05005847953216374
185,0,213,0.049953095684803
185,0.25,852,0.199812382739212
185,0.5,2133,0.500234521575985
185,0.75,853,0.200046904315197
185,1,213,0.049953095684803
186,0,212,0.05001179523472517
186,0.25,847,0.19981127624439726
186,0.5,2121,0.5003538570417552
186,0.75,848,0.20004718093890067
186,1,211,0.04977589054022175
187,0,212,0.050082683675879994
187,0.25,847,0.20009449562957712
187,0.5,2116,0.49988188046302856
187,0.75,846,0.1998582565556343
187,1,212,0.050082683675879994
188,0,212,0.050165641268338855
188,0.25,845,0.19995267392333177
188,0.5,2111,0.4995267392333176
188,0.75,847,0.20042593469001418
188,1,211,0.049929010884997634
189,0,210,0.04990494296577947
189,0.25,844,0.2005703422053232
189,0.5,2101,0.499287072243346
189,0.75,843,0.20033269961977188
189,1,210,0.04990494296577947
190,0,210,0.050059594755661505
190,0.25,839,0.2
190,0.5,2098,0.5001191895113231
190,0.75,838,0.199761620977354
190,1,210,0.050059594755661505
191,0,210,0.05
191,0.25,839,0.19976190476190475
191,0.5,2103,0.5007142857142857
191,0.75,838,0.19952380952380952
191,1,210,0.05
192,0,210,0.05003573981415296
192,0.25,840,0.20014295925661185
192,0.5,2098,0.49988086728615677
192,0.75,840,0.20014295925661185
192,1,209,0.04979747438646653
193,0,210,0.05
193,0.25,841,0.20023809523809524
193,0.5,2100,0.5
193,0.75,839,0.19976190476190475
193,1,210,0.05
194,0,209,0.049976087996174076
194,0.25,837,0.20014347202295552
194,0.5,2092,0.5002391200382592
194,0.75,835,0.19966523194643712
194,1,209,0.049976087996174076
195,0,210,0.050143266475644696
195,0.25,836,0.19961795606494748
195,0.5,2095,0.5002387774594078
195,0.75,837,0.1998567335243553
195,1,210,0.050143266475644696
196,0,210,0.05013129625208881
196,0.25,837,0.19980902363332537
196,0.5,2095,0.5001193602291717
196,0.75,838,0.20004774409166864
196,1,209,0.04989257579374552
197,0,212,0.0502131691141639
197,0.25,844,0.19990525817148272
197,0.5,2110,0.49976314542870676
197,0.75,845,0.20014211274277593
197,1,211,0.04997631454287068
198,0,212,0.05004721435316336
198,0.25,846,0.19971671388101983
198,0.5,2120,0.5004721435316336
198,0.75,846,0.19971671388101983
198,1,212,0.05004721435316336
199,0,213,0.05007052186177715
199,0.25,852,0.2002820874471086
199,0.5,2127,0.5
199,0.75,849,0.1995768688293371
199,1,213,0.05007052186177715
200,0,214,0.05014058106841612
200,0.25,853,0.19985941893158388
200,0.5,2134,0.5
200,0.75,854,0.2000937207122774
200,1,213,0.04990627928772259
201,0,215,0.050058207217694994
201,0.25,858,0.19976717112922002
201,0.5,2148,0.50011641443539
201,0.75,859,0.2
201,1,215,0.050058207217694994
202,0,217,0.05017341040462428
202,0.25,863,0.19953757225433527
202,0.5,2163,0.5001156069364162
202,0.75,866,0.20023121387283238
202,1,216,0.04994219653179191
203,0,218,0.05013799448022079
203,0.25,871,0.2003219871205152
203,0.5,2172,0.49954001839926404
203,0.75,870,0.20009199632014718
203,1,217,0.049908003679852805
204,0,218,0.04991985344630181
204,0.25,875,0.20036638424547745
204,0.5,2181,0.4994275246164415
204,0.75,875,0.20036638424547745
204,1,218,0.04991985344630181
205,0,220,0.05006827492034593
205,0.25,879,0.20004551661356396
205,0.5,2197,0.5
205,0.75,878,0.1998179335457442
205,1,220,0.05006827492034593
206,0,221,0.04981965734896303
206,0.25,887,0.19995491433724075
206,0.5,2221,0.5006762849413886
206,0.75,886,0.19972948602344454
206,1,221,0.04981965734896303
207,0,223,0.05004488330341113
207,0.25,890,0.1997307001795332
207,0.5,2229,0.5002244165170556
207,0.75,891,0.19995511669658886
207,1,223,0.05004488330341113
208,0,224,0.050044682752457555
208,0.25,893,0.19950848972296695
208,0.5,2240,0.5004468275245755
208,0.75,895,0.19995531724754245
208,1,224,0.050044682752457555
209,0,224,0.05003350457895912
209,0.25,895,0.199910654456109
209,0.5,2239,0.5001116819298638
209,0.75,896,0.2001340183158365
209,1,223,0.04981014071923163
210,0,225,0.050066755674232306
210,0.25,899,0.20004450378282154
210,0.5,2245,0.4995549621717846
210,0.75,900,0.20026702269692923
210,1,225,0.050066755674232306
211,0,225,0.049800796812749
211,0.25,904,0.20008853474988933
211,0.5,2260,0.5002213368747234
211,0.75,904,0.20008853474988933
211,1,225,0.049800796812749
212,0,227,0.0500220361392684
212,0.25,906,0.1996474217717056
212,0.5,2271,0.500440722785368
212,0.75,908,0.2000881445570736
212,1,226,0.049801674746584396
213,0,228,0.050021939447125935
213,0.25,912,0.20008775778850374
213,0.5,2277,0.49956121105748136
213,0.75,913,0.20030715225976306
213,1,228,0.050021939447125935
214,0,229,0.05007653619068445
214,0.25,915,0.2000874699322108
214,0.5,2285,0.4996719877542095
214,0.75,915,0.2000874699322108
214,1,229,0.05007653619068445
215,0,232,0.05036908380373426
215,0.25,921,0.19995657837603126
215,0.5,2300,0.499348675640469
215,0.75,923,0.20039079461571863
215,1,230,0.04993486756404689
216,0,229,0.04963155613350672
216,0.25,925,0.20047680970957954
216,0.5,2306,0.49978326831382747
216,0.75,922,0.199826614651062
216,1,232,0.05028175119202427
217,0,232,0.05
217,0.25,925,0.19935344827586207
217,0.5,2324,0.5008620689655172
217,0.75,927,0.19978448275862068
217,1,232,0.05
218,0,233,0.04998927268826432
218,0.25,932,0.1999570907530573
218,0.5,2331,0.5001072731173568
218,0.75,932,0.1999570907530573
218,1,233,0.04998927268826432
219,0,234,0.05016077170418006
219,0.25,933,0.2
219,0.5,2332,0.49989281886388
219,0.75,932,0.19978563772775992
219,1,234,0.05016077170418006
220,0,233,0.04988225219439092
220,0.25,935,0.20017126953543138
220,0.5,2335,0.49989295654035537
220,0.75,934,0.19995718261614215
220,1,234,0.05009633911368015
221,0,235,0.050117295798677755
221,0.25,938,0.200042653017701
221,0.5,2342,0.4994668372787375
221,0.75,940,0.20046918319471102
221,1,234,0.04990403071017274
222,0,236,0.05028766247602813
222,0.25,937,0.19965906669507777
222,0.5,2348,0.5003196249733646
222,0.75,937,0.19965906669507777
222,1,235,0.050074579160451736
223,0,235,0.04994686503719448
223,0.25,942,0.20021253985122212
223,0.5,2352,0.499893730074389
223,0.75,941,0.2
223,1,235,0.04994686503719448
224,0,235,0.04993625159371016
224,0.25,941,0.19995750106247343
224,0.5,2355,0.5004249893752656
224,0.75,940,0.19974500637484063
224,1,235,0.04993625159371016
225,0,237,0.0501163036582787
225,0.25,943,0.19940790864876295
225,0.5,2367,0.500528652992176
225,0.75,946,0.2000422922393741
225,1,236,0.04990484246140833
226,0,236,0.04975753742357158
226,0.25,950,0.20029517183217374
226,0.5,2371,0.4998945814885094
226,0.75,949,0.2000843348091925
226,1,237,0.04996837444655281
227,0,238,0.049968507243334036
227,0.25,953,0.20008398068444258
227,0.5,2381,0.49989502414444675
227,0.75,954,0.20029393239554902
227,1,237,0.049758555532227584
228,0,239,0.050167926112510496
228,0.25,952,0.1998320738874895
228,0.5,2381,0.4997900923593619
228,0.75,953,0.20004198152812763
228,1,239,0.050167926112510496
229,0,238,0.049958018471872374
229,0.25,954,0.20025188916876574
229,0.5,2380,0.4995801847187238
229,0.75,954,0.20025188916876574
229,1,238,0.049958018471872374
230,0,236,0.049978822532825075
230,0.25,945,0.20012706480304956
230,0.5,2360,0.49978822532825073
230,0.75,945,0.20012706480304956
230,1,236,0.049978822532825075
231,0,238,0.05012636899747262
231,0.25,949,0.1998736310025274
231,0.5,2373,0.4997893850042123
231,0.75,951,0.2002948609941028
231,1,237,0.04991575400168492
232,0,238,0.0500947169017049
232,0.25,950,0.19995790359924226
232,0.5,2375,0.49989475899810565
232,0.75,950,0.19995790359924226
232,1,238,0.0500947169017049
233,0,238,0.05012636899747262
233,0.25,948,0.1996630160067397
233,0.5,2376,0.5004212299915753
233,0.75,949,0.1998736310025274
233,1,237,0.04991575400168492
234,0,239,0.050188996220075596
234,0.25,949,0.1992860142797144
234,0.5,2383,0.500419991600168
234,0.75,953,0.2001259974800504
234,1,238,0.0499790004199916
235,0,244,0.05014385532264694
235,0.25,972,0.1997533908754624
235,0.5,2435,0.5004110152075627
235,0.75,973,0.19995889847924372
235,1,242,0.049732840115084255
236,0,245,0.05007153075822604
236,0.25,980,0.20028612303290416
236,0.5,2444,0.4994890660126712
236,0.75,979,0.2000817494379726
236,1,245,0.05007153075822604
237,0,245,0.05004084967320262
237,0.25,980,0.20016339869281047
237,0.5,2447,0.49979575163398693
237,0.75,979,0.1999591503267974
237,1,245,0.05004084967320262
238,0,244,0.049938600081866555
238,0.25,977,0.19995906672124436
238,0.5,2444,0.5002046663937781
238,0.75,977,0.19995906672124436
238,1,244,0.049938600081866555
239,0,244,0.05001024800163968
239,0.25,978,0.20045091207214594
239,0.5,2437,0.499487599918016
239,0.75,976,0.20004099200655873
239,1,244,0.05001024800163968
240,0,243,0.0499486125385406
240,0.25,973,0.2
240,0.5,2434,0.5003083247687564
240,0.75,971,0.19958890030832477
240,1,244,0.05015416238437821
241,0,243,0.04991783073130649
241,0.25,974,0.20008216926869352
241,0.5,2433,0.4997945768282662
241,0.75,974,0.20008216926869352
241,1,244,0.05012325390304026
242,0,242,0.04992779038580565
242,0.25,967,0.1995048483598102
242,0.5,2426,0.500515782958531
242,0.75,969,0.19991747472663504
242,1,243,0.050134103569218075
243,0,242,0.04980448651986005
243,0.25,973,0.20024696439596626
243,0.5,2429,0.4998970981683474
243,0.75,973,0.20024696439596626
243,1,242,0.04980448651986005
244,0,243,0.05004118616144975
244,0.25,971,0.19995881383855024
244,0.5,2430,0.5004118616144976
244,0.75,969,0.19954695222405272
244,1,243,0.05004118616144975
245,0,243,0.0499691548426897
245,0.25,974,0.20028788813489615
245,0.5,2430,0.499691548426897
245,0.75,973,0.20008225375282748
245,1,243,0.0499691548426897
246,0,241,0.04985519238725693
246,0.25,966,0.1998345055854365
246,0.5,2421,0.5008274720728175
246,0.75,964,0.1994207695490277
246,1,242,0.050062060405461316
247,0,241,0.0499378367177787
247,0.25,965,0.19995855781185246
247,0.5,2415,0.5004144218814753
247,0.75,964,0.1997513468711148
247,1,241,0.0499378367177787
248,0,242,0.049989671555463744
248,0.25,968,0.19995868622185498
248,0.5,2422,0.5003098533360876
248,0.75,967,0.19975211733112994
248,1,242,0.049989671555463744
249,0,242,0.0500413564929694
249,0.25,966,0.19975186104218362
249,0.5,2420,0.5004135649296939
249,0.75,967,0.1999586435070306
249,1,241,0.049834574028122414
250,0,244,0.05001024800163968
250,0.25,977,0.20024595203935233
250,0.5,2438,0.4996925599508096
250,0.75,976,0.20004099200655873
250,1,244,0.05001024800163968
251,0,244,0.05004101722723544
251,0.25,975,0.19995898277276455
251,0.5,2437,0.4997949138638228
251,0.75,976,0.20016406890894176
251,1,244,0.05004101722723544
252,0,244,0.05005128205128205
252,0.25,973,0.1995897435897436
252,0.5,2438,0.5001025641025642
252,0.75,976,0.2002051282051282
252,1,244,0.05005128205128205
253,0,244,0.04997951659156084
253,0.25,977,0.200122900450635
253,0.5,2440,0.49979516591560835
253,0.75,978,0.20032773453502664
253,1,243,0.049774682507169196
254,0,243,0.04986661194336138
254,0.25,974,0.1998768725631028
254,0.5,2439,0.5005130309870717
254,0.75,974,0.1998768725631028
254,1,243,0.04986661194336138
255,0,243,0.05020661157024793
255,0.25,966,0.19958677685950413
255,0.5,2422,0.5004132231404959
255,0.75,967,0.19979338842975206
255,1,242,0.05
256,0,240,0.04991680532445923
256,0.25,961,0.19987520798668884
256,0.5,2406,0.5004159733777038
256,0.75,959,0.19945923460898501
256,1,242,0.05033277870216306
257,0,242,0.05020746887966805
257,0.25,964,0.2
257,0.5,2408,0.4995850622406639
257,0.75,965,0.20020746887966806
257,1,241,0.05
258,0,241,0.0499688990255028
258,0.25,963,0.19966825627202986
258,0.5,2414,0.5005183495749533
258,0.75,964,0.1998755961020112
258,1,241,0.0499688990255028
259,0,242,0.05008278145695364
259,0.25,965,0.19971026490066227
259,0.5,2416,0.5
259,0.75,968,0.20033112582781457
259,1,241,0.049875827814569534
260,0,241,0.049886151935417095
260,0.25,966,0.19995860070378804
260,0.5,2417,0.5003104947215897
260,0.75,966,0.19995860070378804
260,1,241,0.049886151935417095
261,0,241,0.0500103755965968
261,0.25,965,0.20024901431832332
261,0.5,2409,0.49989624403403193
261,0.75,963,0.19983399045445113
261,1,241,0.0500103755965968
262,0,241,0.05010395010395011
262,0.25,960,0.1995841995841996
262,0.5,2406,0.5002079002079002
262,0.75,962,0.2
262,1,241,0.05010395010395011
263,0,240,0.050156739811912224
263,0.25,956,0.19979101358411702
263,0.5,2391,0.49968652037617556
263,0.75,959,0.20041797283176593
263,1,239,0.049947753396029256
264,0,238,0.05005257623554153
264,0.25,951,0.2
264,0.5,2376,0.49968454258675077
264,0.75,952,0.20021030494216613
264,1,238,0.05005257623554153
265,0,238,0.050232165470662726
265,0.25,945,0.1994512452511608
265,0.5,2370,0.5002110595187843
265,0.75,948,0.2000844238075137
265,1,237,0.050021105951878427
266,0,238,0.05
266,0.25,952,0.2
266,0.5,2381,0.5002100840336134
266,0.75,950,0.19957983193277312
266,1,239,0.05021008403361345
267,0,237,0.04991575400168492
267,0.25,950,0.2000842459983151
267,0.5,2373,0.4997893850042123
267,0.75,950,0.2000842459983151
267,1,238,0.05012636899747262
268,0,238,0.05004205214465938
268,0.25,950,0.19974768713204374
268,0.5,2379,0.5002102607232969
268,0.75,952,0.2001682085786375
268,1,237,0.04983179142136249
269,0,238,0.050021017234131986
269,0.25,951,0.19987389659520807
269,0.5,2381,0.5004203446826397
269,0.75,951,0.19987389659520807
269,1,237,0.04981084489281211
270,0,238,0.050021017234131986
270,0.25,952,0.20008406893652794
270,0.5,2378,0.49978982765868013
270,0.75,952,0.20008406893652794
270,1,238,0.050021017234131986
271,0,236,0.05003179987280051
271,0.25,943,0.19991520033919866
271,0.5,2358,0.4998940004239983
271,0.75,944,0.20012719949120203
271,1,236,0.05003179987280051
272,0,237,0.05031847133757962
272,0.25,940,0.19957537154989385
272,0.5,2358,0.5006369426751592
272,0.75,939,0.19936305732484078
272,1,236,0.05010615711252654
273,0,234,0.04986149584487535
273,0.25,937,0.19965906669507777
273,0.5,2350,0.5007457916045174
273,0.75,937,0.19965906669507777
273,1,235,0.050074579160451736
274,0,236,0.04994708994708995
274,0.25,945,0.2
274,0.5,2363,0.50010582010582
274,0.75,945,0.2
274,1,236,0.04994708994708995
275,0,237,0.05005279831045407
275,0.25,947,0.2
275,0.5,2368,0.5001055966209081
275,0.75,946,0.19978880675818375
275,1,237,0.05005279831045407
276,0,236,0.049789029535864976
276,0.25,949,0.20021097046413502
276,0.5,2370,0.5
276,0.75,949,0.20021097046413502
276,1,236,0.049789029535864976
277,0,234,0.04961832061068702
277,0.25,946,0.20059372349448684
277,0.5,2358,0.5
277,0.75,942,0.19974554707379136
277,1,236,0.05004240882103478
278,0,236,0.050053022269353126
278,0.25,943,0.2
278,0.5,2359,0.5003181336161188
278,0.75,941,0.19957582184517497
278,1,236,0.050053022269353126
279,0,236,0.049873203719357564
279,0.25,947,0.20012679628064242
279,0.5,2366,0.5
279,0.75,946,0.19991546914623837
279,1,237,0.050084530853761626
280,0,236,0.05001059546514092
280,0.25,944,0.20004238186056367
280,0.5,2359,0.4998940453485908
280,0.75,944,0.20004238186056367
280,1,236,0.05001059546514092
281,0,235,0.04987266553480475
281,0.25,942,0.1999151103565365
281,0.5,2357,0.5002122241086587
281,0.75,942,0.1999151103565365
281,1,236,0.0500848896434635
282,0,235,0.05
282,0.25,940,0.2
282,0.5,2350,0.5
282,0.75,940,0.2
282,1,235,0.05
283,0,233,0.04981825956809921
283,0.25,937,0.20034209963651914
283,0.5,2337,0.4996792815907633
283,0.75,936,0.20012828736369467
283,1,234,0.05003207184092367
284,0,234,0.0502361528553027
284,0.25,930,0.1996565049377415
284,0.5,2330,0.5002146844139116
284,0.75,931,0.19987118935165307
284,1,233,0.05002146844139115
285,0,232,0.05010799136069115
285,0.25,926,0.2
285,0.5,2315,0.5
285,0.75,924,0.19956803455723543
285,1,233,0.05032397408207343
286,0,230,0.04985909386516367
286,0.25,923,0.20008671146759158
286,0.5,2306,0.4998916106655105
286,0.75,924,0.20030349013657056
286,1,230,0.04985909386516367
287,0,229,0.050087489063867015
287,0.25,914,0.199912510936133
287,0.5,2287,0.5002187226596675
287,0.75,914,0.199912510936133
287,1,228,0.049868766404199474
288,0,229,0.04994547437295529
288,0.25,915,0.19956379498364232
288,0.5,2294,0.5003271537622682
288,0.75,917,0.2
288,1,230,0.05016357688113413
289,0,229,0.05014232537770966
289,0.25,913,0.19991241515217867
289,0.5,2284,0.5001094810597767
289,0.75,912,0.19969345303262537
289,1,229,0.05014232537770966
290,0,230,0.05015263846489315
290,0.25,918,0.20017444395987788
290,0.5,2290,0.49934583515045794
290,0.75,918,0.20017444395987788
290,1,230,0.05015263846489315
291,0,230,0.05008710801393728
291,0.25,917,0.19969512195121952
291,0.5,2299,0.5006533101045296
291,0.75,916,0.1994773519163763
291,1,230,0.05008710801393728
292,0,230,0.05008710801393728
292,0.25,917,0.19969512195121952
292,0.5,2298,0.5004355400696864
292,0.75,917,0.19969512195121952
292,1,230,0.05008710801393728
293,0,229,0.04981509680226234
293,0.25,920,0.2001305199042854
293,0.5,2298,0.4998912334130955
293,0.75,920,0.2001305199042854
293,1,230,0.05003262997607135
294,0,229,0.049858480296102764
294,0.25,919,0.20008708904855216
294,0.5,2296,0.49989113868930984
294,0.75,920,0.2003048116699325
294,1,229,0.049858480296102764
295,0,228,0.05
295,0.25,913,0.20021929824561405
295,0.5,2276,0.49912280701754386
295,0.75,915,0.20065789473684212
295,1,228,0.05
296,0,227,0.04989010989010989
296,0.25,909,0.1997802197802198
296,0.5,2277,0.5004395604395604
296,0.75,910,0.2
296,1,227,0.04989010989010989
297,0,224,0.049766718506998445
297,0.25,900,0.19995556542990447
297,0.5,2250,0.4998889135747612
297,0.75,901,0.20017773828038213
297,1,226,0.050211064207953786
298,0,225,0.05042581801882564
298,0.25,890,0.1994621246077992
298,0.5,2229,0.49955177050649935
298,0.75,895,0.20058269834155087
298,1,223,0.04997758852532497
299,0,223,0.04986583184257603
299,0.25,896,0.2003577817531306
299,0.5,2236,0.5
299,0.75,893,0.19968694096601072
299,1,224,0.05008944543828265
300,0,223,0.050101100876207595
300,0.25,889,0.1997303976634464
300,0.5,2227,0.5003370029206919
300,0.75,889,0.1997303976634464
300,1,223,0.050101100876207595
301,0,220,0.050091074681238613
301,0.25,878,0.1999089253187614
301,0.5,2197,0.5002276867030966
301,0.75,877,0.19968123861566484
301,1,220,0.050091074681238613
302,0,212,0.04990583804143126
302,0.25,851,0.2003295668549906
302,0.5,2123,0.4997645951035782
302,0.75,849,0.1998587570621469
302,1,213,0.05014124293785311
303,0,211,0.0496938294865756
303,0.25,850,0.20018841262364578
303,0.5,2123,0.5
303,0.75,850,0.20018841262364578
303,1,212,0.04992934526613283
304,0,207,0.0500241662638956
304,0.25,827,0.19985500241662638
304,0.5,2070,0.500241662638956
304,0.75,828,0.2000966650555824
304,1,206,0.049782503624939585
305,0,207,0.05024271844660194
305,0.25,823,0.19975728155339806
305,0.5,2060,0.5
305,0.75,822,0.1995145631067961
305,1,208,0.05048543689320388
306,0,208,0.049820359281437125
306,0.25,836,0.20023952095808384
306,0.5,2088,0.5001197604790419
306,0.75,834,0.19976047904191616
306,1,209,0.05005988023952096
307,0,206,0.050109462417903185
307,0.25,821,0.19970810021892482
307,0.5,2056,0.5001216249087813
307,0.75,823,0.2001945998540501
307,1,205,0.04986621260034055
308,0,199,0.04991221469776774
308,0.25,798,0.200150489089541
308,0.5,1994,0.5001254075746175
308,0.75,796,0.19964885879107097
308,1,200,0.05016302984700276
309,0,202,0.050173869846000994
309,0.25,805,0.19995032290114256
309,0.5,2012,0.49975161450571287
309,0.75,806,0.20019870839542972
309,1,201,0.04992548435171386
310,0,201,0.05002488800398208
310,0.25,803,0.1998506719761075
310,0.5,2011,0.5004977600796416
310,0.75,803,0.1998506719761075
310,1,200,0.049776007964161276
311,0,203,0.0500616522811344
311,0.25,811,0.2
311,0.5,2027,0.4998766954377312
311,0.75,811,0.2
311,1,203,0.0500616522811344
312,0,203,0.049950787401574805
312,0.25,814,0.20029527559055119
312,0.5,2028,0.49901574803149606
312,0.75,816,0.20078740157480315
312,1,203,0.049950787401574805
313,0,203,0.05014822134387352
313,0.25,808,0.19960474308300397
313,0.5,2024,0.5
313,0.75,810,0.20009881422924902
313,1,203,0.05014822134387352
314,0,202,0.04990118577075099
314,0.25,811,0.20034584980237155
314,0.5,2023,0.49975296442687744
314,0.75,809,0.1998517786561265
314,1,203,0.05014822134387352
315,0,204,0.05015982296533071
315,0.25,812,0.19965576592082615
315,0.5,2034,0.5001229407425621
315,0.75,814,0.2001475288910745
315,1,203,0.04991394148020654
316,0,201,0.049875930521091814
316,0.25,806,0.2
316,0.5,2014,0.4997518610421836
316,0.75,806,0.2
316,1,203,0.05037220843672457
317,0,197,0.04989868287740628
317,0.25,789,0.19984802431610943
317,0.5,1977,0.5007598784194529
317,0.75,787,0.19934143870314083
317,1,198,0.05015197568389058
318,0,196,0.049936305732484074
318,0.25,785,0.2
318,0.5,1961,0.4996178343949045
318,0.75,787,0.2005095541401274
318,1,196,0.049936305732484074
319,0,196,0.050076647930505876
319,0.25,783,0.20005109862033726
319,0.5,1958,0.5002554931016863
319,0.75,782,0.199795605518651
319,1,195,0.049821154828819623
320,0,194,0.049781883500128306
320,0.25,782,0.20066717988196048
320,0.5,1947,0.4996150885296382
320,0.75,779,0.19989735694123684
320,1,195,0.05003849114703618
321,0,191,0.049895506792058515
321,0.25,766,0.2001044932079415
321,0.5,1916,0.5005224660397074
321,0.75,764,0.19958202716823406
321,1,191,0.049895506792058515
322,0,190,0.05023796932839767
322,0.25,755,0.19962982548915917
322,0.5,1892,0.5002644103648863
322,0.75,756,0.19989423585404548
322,1,189,0.04997355896351137
323,0,185,0.049771320957761635
323,0.25,745,0.2004304546677428
323,0.5,1857,0.4995964487489911
323,0.75,744,0.20016142050040356
323,1,186,0.05004035512510089
324,0,185,0.050094773896561064
324,0.25,737,0.19956674790143514
324,0.5,1847,0.5001353912808015
324,0.75,741,0.20064987814784727
324,1,183,0.04955320877335499
325,0,186,0.0498793242156074
325,0.25,746,0.20005363368195225
325,0.5,1866,0.500402252614642
325,0.75,745,0.19978546527219093
325,1,186,0.0498793242156074
326,0,189,0.05
326,0.25,756,0.2
326,0.5,1889,0.49973544973544975
326,0.75,756,0.2
326,1,190,0.05026455026455026
327,0,192,0.05030128373067854
327,0.25,763,0.19989520565889443
327,0.5,1907,0.4996070212208541
327,0.75,764,0.20015719151165837
327,1,191,0.05003929787791459
328,0,192,0.04998698255662588
328,0.25,768,0.1999479302265035
328,0.5,1921,0.5001301744337412
328,0.75,769,0.20020827909398595
328,1,191,0.04972663368914345
329,0,194,0.04987146529562982
329,0.25,779,0.20025706940874036
329,0.5,1943,0.49948586118251925
329,0.75,780,0.20051413881748073
329,1,194,0.04987146529562982
330,0,197,0.05020387359836901
330,0.25,784,0.199796126401631
330,0.5,1963,0.5002548419979612
330,0.75,784,0.199796126401631
330,1,196,0.04994903160040775
331,0,199,0.05002513826043238
331,0.25,797,0.2003519356460533
331,0.5,1987,0.49949723479135244
331,0.75,796,0.20010055304172952
331,1,199,0.05002513826043238
332,0,203,0.050123456790123457
332,0.25,809,0.1997530864197531
332,0.5,2026,0.5002469135802469
332,0.75,809,0.1997530864197531
332,1,203,0.050123456790123457
333,0,204,0.049987748100955645
333,0.25,816,0.19995099240382258
333,0.5,2042,0.5003675569713305
333,0.75,816,0.19995099240382258
333,1,203,0.04974271012006861
334,0,206,0.05001213886865744
334,0.25,823,0.19980577810148095
334,0.5,2059,0.4998786113134256
334,0.75,824,0.20004855547462977
334,1,207,0.050254916241806266
335,0,208,0.05006016847172082
335,0.25,831,0.2
335,0.5,2077,0.49987966305655834
335,0.75,832,0.20024067388688327
335,1,207,0.049819494584837545
336,0,209,0.04969091773656681
336,0.25,843,0.20042796005706134
336,0.5,2103,0.5
336,0.75,841,0.19995244888254873
336,1,210,0.04992867332382311
337,0,211,0.049964480227326545
337,0.25,845,0.2000947193937959
337,0.5,2111,0.4998816007577552
337,0.75,846,0.20033151787828557
337,1,210,0.04972768174283684
338,0,212,0.050141911069063384
338,0.25,845,0.19985808893093662
338,0.5,2113,0.49976348155156103
338,0.75,847,0.20033112582781457
338,1,211,0.049905392620624406
339,0,212,0.0500945179584121
339,0.25,847,0.20014177693761814
339,0.5,2115,0.4997637051039698
339,0.75,846,0.1999054820415879
339,1,212,0.0500945179584121
340,0,212,0.04988235294117647
340,0.25,851,0.20023529411764707
340,0.5,2125,0.5
340,0.75,849,0.19976470588235293
340,1,213,0.05011764705882353
341,0,212,0.05015377336172226
341,0.25,846,0.20014194464158977
341,0.5,2111,0.4994085639933759
341,0.75,847,0.20037851904423942
341,1,211,0.04991719895907263
342,0,212,0.050070854983467174
342,0.25,846,0.1998110533774209
342,0.5,2116,0.4997638167217761
342,0.75,848,0.2002834199338687
342,1,212,0.050070854983467174
343,0,212,0.049941107184923436
343,0.25,851,0.2004711425206125
343,0.5,2119,0.4991755005889282
343,0.75,851,0.2004711425206125
343,1,212,0.049941107184923436
344,0,212,0.04985888993414864
344,0.25,850,0.19990592662276577
344,0.5,2129,0.5007055503292568
344,0.75,849,0.19967074317968014
344,1,212,0.04985888993414864
345,0,214,0.050035071311667054
345,0.25,856,0.20014028524666821
345,0.5,2137,0.49964928688332944
345,0.75,856,0.20014028524666821
345,1,214,0.050035071311667054
346,0,214,0.04975587072773774
346,0.25,862,0.20041850732387817
346,0.5,2150,0.4998837479655894
346,0.75,860,0.19995349918623576
346,1,215,0.04998837479655894
347,0,215,0.050034908075401445
347,0.25,860,0.20013963230160578
347,0.5,2146,0.4994181987433093
347,0.75,861,0.20037235280428206
347,1,215,0.050034908075401445
348,0,217,0.05010390210113138
348,0.25,867,0.20018471484645578
348,0.5,2164,0.4996536596628954
348,0.75,866,0.19995382128838604
348,1,217,0.05010390210113138
349,0,216,0.05
349,0.25,864,0.2
349,0.5,2160,0.5
349,0.75,864,0.2
349,1,216,0.05
350,0,216,0.04979253112033195
350,0.25,869,0.20032272936837253
350,0.5,2167,0.4995389580451821
350,0.75,869,0.20032272936837253
350,1,217,0.0500230520977409
351,0,218,0.04991985344630181
351,0.25,875,0.20036638424547745
351,0.5,2182,0.4996565147698649
351,0.75,874,0.20013739409205406
351,1,218,0.04991985344630181
352,0,219,0.04989747095010253
352,0.25,878,0.2000455684666211
352,0.5,2193,0.49965823650034175
352,0.75,881,0.20072909546593756
352,1,218,0.04966962861699704
353,0,221,0.05015887426236949
353,0.25,880,0.19972764412165228
353,0.5,2203,0.5
353,0.75,882,0.20018157058556513
353,1,220,0.04993191103041307
354,0,221,0.05001131477709889
354,0.25,883,0.19981896356641773
354,0.5,2211,0.5003394433129668
354,0.75,883,0.19981896356641773
354,1,221,0.05001131477709889
355,0,221,0.04989839692932942
355,0.25,887,0.2002709415217882
355,0.5,2214,0.49988710769925493
355,0.75,886,0.20004515692029803
355,1,221,0.04989839692932942
356,0,221,0.05003395970115463
356,0.25,884,0.20013583880461852
356,0.5,2208,0.49988680099615124
356,0.75,884,0.20013583880461852
356,1,220,0.0498075616934571
357,0,221,0.05002263467632413
357,0.25,884,0.20009053870529653
357,0.5,2209,0.5
357,0.75,883,0.19986419194205524
357,1,221,0.05002263467632413
358,0,220,0.04987531172069826
358,0.25,884,0.20040807073226025
358,0.5,2204,0.4996599410564498
358,0.75,883,0.20018136476989346
358,1,220,0.04987531172069826
359,0,218,0.049522944116310766
359,0.25,883,0.20059064061790097
359,0.5,2201,0.5
359,0.75,880,0.19990913221263062
359,1,220,0.049977283053157656
360,0,221,0.050227272727272725
360,0.25,881,0.20022727272727273
360,0.5,2196,0.4990909090909091
360,0.75,882,0.20045454545454544
360,1,220,0.05
361,0,219,0.049988587080575214
361,0.25,877,0.20018260671079663
361,0.5,2190,0.4998858708057521
361,0.75,875,0.19972608993380506
361,1,220,0.050216845469070986
362,0,220,0.05005688282138794
362,0.25,879,0.2
362,0.5,2197,0.4998862343572241
362,0.75,879,0.2
362,1,220,0.05005688282138794
363,0,219,0.049954379562043794
363,0.25,876,0.19981751824817517
363,0.5,2192,0.5
363,0.75,878,0.20027372262773724
363,1,219,0.049954379562043794
364,0,219,0.050045703839122484
364,0.25,875,0.1999542961608775
364,0.5,2189,0.5002285191956124
364,0.75,874,0.19972577696526508
364,1,219,0.050045703839122484
365,0,220,0.05023978077186572
365,0.25,875,0.1998173098881023
365,0.5,2188,0.49965745604019185
365,0.75,877,0.20027403516784653
365,1,219,0.050011418131993605
366,0,220,0.050274223034734916
366,0.25,874,0.19972577696526508
366,0.5,2187,0.49977148080438755
366,0.75,876,0.20018281535648993
366,1,219,0.050045703839122484
367,0,219,0.049988587080575214
367,0.25,878,0.2004108650992924
367,0.5,2189,0.4996576124172563
367,0.75,876,0.19995434832230086
367,1,219,0.049988587080575214
368,0,220,0.05011389521640091
368,0.25,879,0.2002277904328018
368,0.5,2193,0.49954441913439634
368,0.75,879,0.2002277904328018
368,1,219,0.04988610478359909
369,0,219,0.04987474379412434
369,0.25,879,0.20018219084491004
369,0.5,2195,0.4998861307219312
369,0.75,878,0.19995445228877248
369,1,220,0.0501024823502619
370,0,219,0.05012588693064775
370,0.25,872,0.1995880064087892
370,0.5,2186,0.5003433279926757
370,0.75,875,0.20027466239414055
370,1,217,0.04966811627374685
371,0,217,0.04979348324919688
371,0.25,871,0.19986232216613126
371,0.5,2181,0.5004589261128958
371,0.75,872,0.20009178522257917
371,1,217,0.04979348324919688
372,0,218,0.05019571724614322
372,0.25,868,0.19986184664978127
372,0.5,2170,0.49965461662445315
372,0.75,870,0.20032235781717705
372,1,217,0.04996546166244532
373,0,218,0.05025357307514984
373,0.25,867,0.19986168741355465
373,0.5,2166,0.49930843706777317
373,0.75,870,0.20055325034578148
373,1,217,0.0500230520977409
374,0,217,0.050034586119437396
374,0.25,868,0.20013834447774959
374,0.5,2168,0.4998847129352087
374,0.75,867,0.19990777034816692
374,1,217,0.050034586119437396
375,0,217,0.049816345270890725
375,0.25,875,0.20087235996326905
375,0.5,2175,0.49931129476584024
375,0.75,871,0.19995408631772268
375,1,218,0.050045913682277315
376,0,219,0.050045703839122484
376,0.25,875,0.1999542961608775
376,0.5,2188,0.5
376,0.75,875,0.1999542961608775
376,1,219,0.050045703839122484
377,0,220,0.050159598723210214
377,0.25,877,0.19995440036479709
377,0.5,2193,0.5
377,0.75,876,0.1997264021887825
377,1,220,0.050159598723210214
378,0,220,0.04993191103041307
378,0.25,885,0.2008624602814344
378,0.5,2200,0.49931911030413073
378,0.75,881,0.1999546073536087
378,1,220,0.04993191103041307
379,0,220,0.049886621315192746
379,0.25,882,0.2
379,0.5,2205,0.5
379,0.75,882,0.2
379,1,221,0.05011337868480726
380,0,218,0.049965619986247996
380,0.25,872,0.19986247994499198
380,0.5,2182,0.50011460004584
380,0.75,874,0.20032088012835206
380,1,217,0.04973641989456796
381,0,220,0.05018248175182482
381,0.25,875,0.19958941605839417
381,0.5,2194,0.5004562043795621
381,0.75,875,0.19958941605839417
381,1,220,0.05018248175182482
382,0,219,0.04988610478359909
382,0.25,879,0.2002277904328018
382,0.5,2195,0.5
382,0.75,877,0.19977220956719818
382,1,220,0.05011389521640091
383,0,220,0.04986400725294651
383,0.25,884,0.20036264732547598
383,0.5,2204,0.499546690843155
383,0.75,884,0.20036264732547598
383,1,220,0.04986400725294651
384,0,220,0.05004549590536852
384,0.25,876,0.19927206551410373
384,0.5,2201,0.5006824385805277
384,0.75,879,0.19995450409463147
384,1,220,0.05004549590536852
385,0,220,0.049943246311010214
385,0.25,881,0.2
385,0.5,2203,0.5001135073779795
385,0.75,881,0.2
385,1,220,0.049943246311010214
386,0,220,0.049965932318873495
386,0.25,881,0.20009084714967068
386,0.5,2200,0.49965932318873496
386,0.75,884,0.20077220077220076
386,1,218,0.0495116965705201
387,0,220,0.05013673655423884
387,0.25,878,0.2000911577028259
387,0.5,2194,0.5
387,0.75,877,0.19986326344576116
387,1,219,0.049908842297174114
388,0,221,0.05030730707944457
388,0.25,878,0.1998634190758024
388,0.5,2197,0.5001138174368314
388,0.75,877,0.19963578420213976
388,1,220,0.050079672205781925
389,0,219,0.050045703839122484
389,0.25,876,0.20018281535648993
389,0.5,2187,0.49977148080438755
389,0.75,875,0.1999542961608775
389,1,219,0.050045703839122484
390,0,219,0.049863387978142076
390,0.25,878,0.1999089253187614
390,0.5,2197,0.5002276867030966
390,0.75,878,0.1999089253187614
390,1,220,0.050091074681238613
391,0,219,0.04988610478359909
391,0.25,879,0.2002277904328018
391,0.5,2194,0.4997722095671982
391,0.75,879,0.2002277904328018
391,1,219,0.04988610478359909
392,0,224,0.05029187247418051
392,0.25,889,0.1995958688819039
392,0.5,2227,0.5
392,0.75,891,0.20004490345756623
392,1,223,0.05006735518634935
393,0,220,0.05003411416875142
393,0.25,880,0.20013645667500568
393,0.5,2198,0.4998862861041619
393,0.75,880,0.20013645667500568
393,1,219,0.04980668637707528
394,0,219,0.049829351535836175
394,0.25,881,0.20045506257110352
394,0.5,2196,0.49965870307167237
394,0.75,879,0.2
394,1,220,0.05005688282138794
395,0,220,0.05002273760800364
395,0.25,879,0.19986357435197818
395,0.5,2198,0.49977262391996363
395,0.75,882,0.20054570259208732
395,1,219,0.049795361527967257
396,0,222,0.05018083182640145
396,0.25,882,0.19936708860759494
396,0.5,2215,0.5006781193490054
396,0.75,884,0.19981916817359854
396,1,221,0.049954792043399636
397,0,222,0.05006765899864682
397,0.25,888,0.20027063599458728
397,0.5,2216,0.4997744700045106
397,0.75,886,0.19981957600360847
397,1,222,0.05006765899864682
398,0,220,0.0499092558983666
398,0.25,883,0.20031760435571688
398,0.5,2202,0.49954627949183306
398,0.75,883,0.20031760435571688
398,1,220,0.0499092558983666
399,0,220,0.050079672205781925
399,0.25,878,0.1998634190758024
399,0.5,2197,0.5001138174368314
399,0.75,879,0.20009105394946505
399,1,219,0.04985203733211928
400,0,218,0.04991985344630181
400,0.25,873,0.19990840393863063
400,0.5,2186,0.5005724753835585
400,0.75,871,0.19945042363178384
400,1,219,0.05014884359972521
401,0,218,0.04997707473635947
401,0.25,874,0.2003668042182485
401,0.5,2180,0.49977074736359467
401,0.75,872,0.19990829894543788
401,1,218,0.04997707473635947
402,0,219,0.050206327372764786
402,0.25,871,0.19967904630903255
402,0.5,2180,0.49977074736359467
402,0.75,873,0.20013755158184318
402,1,219,0.050206327372764786
403,0,217,0.049725022914757104
403,0.25,873,0.20004582951420716
403,0.5,2183,0.5002291475710358
403,0.75,872,0.1998166819431714
403,1,219,0.050183318056828595
404,0,220,0.04993191103041307
404,0.25,881,0.1999546073536087
404,0.5,2202,0.4997730367680436
404,0.75,883,0.20040853381752155
404,1,220,0.04993191103041307
405,0,222,0.05
405,0.25,887,0.1997747747747748
405,0.5,2221,0.5002252252252253
405,0.75,888,0.2
405,1,222,0.05
406,0,223,0.050101100876207595
406,0.25,892,0.20040440350483038
406,0.5,2223,0.4994383284655134
406,0.75,890,0.19995506627724108
406,1,223,0.050101100876207595
407,0,224,0.05002233139794551
407,0.25,898,0.2005359535506923
407,0.5,2237,0.4995533720410898
407,0.75,895,0.19986601161232692
407,1,224,0.05002233139794551
408,0,224,0.0499665402632166
408,0.25,898,0.2003122908766451
408,0.5,2241,0.4998884675440553
408,0.75,896,0.1998661610528664
408,1,224,0.0499665402632166
409,0,225,0.05013368983957219
409,0.25,897,0.1998663101604278
409,0.5,2244,0.5
409,0.75,897,0.1998663101604278
409,1,225,0.05013368983957219
410,0,225,0.04987807581467524
410,0.25,903,0.2001773442695633
410,0.5,2256,0.5001108401684771
410,0.75,901,0.19973398359565506
410,1,226,0.05009975615162935
411,0,226,0.050055370985603545
411,0.25,903,0.2
411,0.5,2258,0.5001107419712071
411,0.75,902,0.19977851605758581
411,1,226,0.050055370985603545
412,0,225,0.0499001996007984
412,0.25,902,0.2000443557329785
412,0.5,2254,0.49988911066755376
412,0.75,904,0.20048791306276337
412,1,224,0.049678420935905965
413,0,225,0.049955595026642985
413,0.25,899,0.19960035523978686
413,0.5,2255,0.5006660746003553
413,0.75,899,0.19960035523978686
413,1,226,0.05017761989342807
414,0,227,0.05015466195315952
414,0.25,904,0.19973486522315512
414,0.5,2263,0.5
414,0.75,905,0.19995581087052586
414,1,227,0.05015466195315952
415,0,229,0.05010940919037199
415,0.25,915,0.20021881838074398
415,0.5,2283,0.49956236323851205
415,0.75,913,0.199781181619256
415,1,230,0.05032822757111598
416,0,229,0.049880200392071444
416,0.25,918,0.19995643650620779
416,0.5,2296,0.5001089087344806
416,0.75,918,0.19995643650620779
416,1,230,0.050098017861032455
417,0,233,0.05026968716289105
417,0.25,927,0.2
417,0.5,2316,0.49967637540453075
417,0.75,927,0.2
417,1,232,0.05005393743257821
418,0,232,0.04997845756139595
418,0.25,928,0.1999138302455838
418,0.5,2322,0.5002154243860405
418,0.75,928,0.1999138302455838
418,1,232,0.04997845756139595
419,0,233,0.05006446067898582
419,0.25,930,0.19982810485603783
419,0.5,2328,0.5002148689299527
419,0.75,930,0.19982810485603783
419,1,233,0.05006446067898582
420,0,234,0.050107066381156314
420,0.25,933,0.19978586723768738
420,0.5,2336,0.5002141327623126
420,0.75,934,0.2
420,1,233,0.049892933618843685
421,0,233,0.04982891360136869
421,0.25,934,0.19974337040205303
421,0.5,2342,0.5008554319931565
421,0.75,933,0.1995295124037639
421,1,234,0.05004277159965783
422,0,233,0.04982891360136869
422,0.25,936,0.20017108639863132
422,0.5,2337,0.49978614200171084
422,0.75,935,0.19995722840034216
422,1,235,0.05025662959794696
423,0,234,0.049766056997022544
423,0.25,943,0.2005529561888558
423,0.5,2349,0.49957464908549554
423,0.75,940,0.1999149298170991
423,1,236,0.05019140791152701
424,0,235,0.049925642659868284
424,0.25,939,0.19949012109623965
424,0.5,2356,0.5005311238580837
424,0.75,942,0.2001274697259401
424,1,235,0.049925642659868284
425,0,235,0.04993625159371016
425,0.25,943,0.20038249043773906
425,0.5,2352,0.4997875053123672
425,0.75,940,0.19974500637484063
425,1,236,0.050148746281342964
426,0,235,0.05009592837348113
426,0.25,939,0.20017053933063314
426,0.5,2344,0.4996802387550629
426,0.75,938,0.19995736516734172
426,1,235,0.05009592837348113
427,0,235,0.05004258943781942
427,0.25,939,0.19995741056218058
427,0.5,2350,0.5004258943781942
427,0.75,937,0.19953151618398637
427,1,235,0.05004258943781942
428,0,234,0.049819033425590804
428,0.25,940,0.20012774111134768
428,0.5,2347,0.4996806472216308
428,0.75,942,0.2005535448158399
428,1,234,0.049819033425590804
429,0,235,0.05004258943781942
429,0.25,938,0.19974446337308346
429,0.5,2350,0.5004258943781942
429,0.75,938,0.19974446337308346
429,1,235,0.05004258943781942
430,0,236,0.05001059546514092
430,0.25,944,0.20004238186056367
430,0.5,2359,0.4998940453485908
430,0.75,945,0.20025429116338206
430,1,235,0.049798686162322525
431,0,237,0.05014811680067711
431,0.25,943,0.1995344900550148
431,0.5,2364,0.5002115954295387
431,0.75,946,0.20016927634363096
431,1,236,0.04993652137113838
432,0,237,0.04991575400168492
432,0.25,949,0.1998736310025274
432,0.5,2374,0.5
432,0.75,950,0.2000842459983151
432,1,238,0.05012636899747262
433,0,238,0.05014749262536873
433,0.25,949,0.19995785924989465
433,0.5,2371,0.4995785924989465
433,0.75,950,0.2001685630004214
433,1,238,0.05014749262536873
434,0,236,0.04975753742357158
434,0.25,950,0.20029517183217374
434,0.5,2372,0.5001054185114906
434,0.75,948,0.19987349778621125
434,1,237,0.04996837444655281
435,0,237,0.05014811680067711
435,0.25,944,0.19974608548455353
435,0.5,2364,0.5002115954295387
435,0.75,946,0.20016927634363096
435,1,235,0.04972492594159966
436,0,235,0.04980924120389996
436,0.25,946,0.20050869012293346
436,0.5,2357,0.4995760915642221
436,0.75,944,0.20008478168715557
436,1,236,0.05002119542178889
437,0,237,0.050084530853761626
437,0.25,945,0.1997041420118343
437,0.5,2366,0.5
437,0.75,947,0.20012679628064242
437,1,237,0.050084530853761626
438,0,235,0.04987266553480475
438,0.25,945,0.20055178268251272
438,0.5,2354,0.49957555178268254
438,0.75,942,0.1999151103565365
438,1,236,0.0500848896434635
439,0,235,0.05003193527783692
439,0.25,938,0.19970193740685543
439,0.5,2350,0.5003193527783691
439,0.75,939,0.19991483925910156
439,1,235,0.05003193527783692
440,0,234,0.04974489795918367
440,0.25,939,0.1996173469387755
440,0.5,2358,0.5012755102040817
440,0.75,938,0.19940476190476192
440,1,235,0.04995748299319728
441,0,234,0.04994663820704376
441,0.25,939,0.20042689434364994
441,0.5,2340,0.4994663820704376
441,0.75,938,0.20021344717182496
441,1,234,0.04994663820704376
442,0,232,0.04991394148020654
442,0.25,929,0.1998709122203098
442,0.5,2325,0.5002151462994836
442,0.75,930,0.20008605851979347
442,1,232,0.04991394148020654
443,0,232,0.049924682590918874
443,0.25,930,0.2001291155584248
443,0.5,2323,0.49989240370131266
443,0.75,930,0.2001291155584248
443,1,232,0.049924682590918874
444,0,234,0.049829642248722314
444,0.25,940,0.20017035775127767
444,0.5,2348,0.5
444,0.75,938,0.19974446337308346
444,1,236,0.05025553662691652
445,0,236,0.04991539763113367
445,0.25,946,0.20008460236886633
445,0.5,2364,0.5
445,0.75,946,0.20008460236886633
445,1,236,0.04991539763113367
446,0,235,0.049893842887473464
446,0.25,943,0.2002123142250531
446,0.5,2352,0.49936305732484076
446,0.75,945,0.20063694267515925
446,1,235,0.049893842887473464
447,0,235,0.04994686503719448
447,0.25,942,0.20021253985122212
447,0.5,2351,0.49968119022316687
447,0.75,942,0.20021253985122212
447,1,235,0.04994686503719448
448,0,234,0.04985087345547507
448,0.25,939,0.20004260758415
448,0.5,2347,0.5
448,0.75,939,0.20004260758415
448,1,235,0.05006391137622497
449,0,233,0.05012908777969019
449,0.25,926,0.19922547332185886
449,0.5,2329,0.5010757314974182
449,0.75,928,0.19965576592082615
449,1,232,0.04991394148020654
450,0,231,0.04991356957649092
450,0.25,926,0.20008643042350907
450,0.5,2314,0.5
450,0.75,925,0.19987035436473638
450,1,232,0.05012964563526361
451,0,232,0.05018386329223448
451,0.25,924,0.199870214146658
451,0.5,2311,0.499891845122215
451,0.75,925,0.200086523902228
451,1,231,0.0499675535366645
452,0,231,0.05006501950585176
452,0.25,923,0.2000433463372345
452,0.5,2307,0.5
452,0.75,922,0.199826614651062
452,1,231,0.05006501950585176
453,0,230,0.04982668977469671
453,0.25,924,0.2001733102253033
453,0.5,2309,0.5002166377816292
453,0.75,922,0.19974003466204507
453,1,231,0.050043327556325824
454,0,230,0.05
454,0.25,920,0.2
454,0.5,2302,0.5004347826086957
454,0.75,918,0.19956521739130434
454,1,230,0.05
455,0,229,0.04993458351504579
455,0.25,917,0.19995638901003052
455,0.5,2294,0.5002180549498474
455,0.75,917,0.19995638901003052
455,1,229,0.04993458351504579
456,0,229,0.05013134851138354
456,0.25,911,0.199430823117338
456,0.5,2285,0.5002189141856392
456,0.75,915,0.20030647985989491
456,1,228,0.049912434325744305
457,0,227,0.04982440737489025
457,0.25,912,0.20017559262510976
457,0.5,2279,0.5002194907813872
457,0.75,910,0.1997366110623354
457,1,228,0.05004389815627744
458,0,227,0.049901077159815344
458,0.25,910,0.20004396570674873
458,0.5,2274,0.49989008573312815
458,0.75,910,0.20004396570674873
458,1,228,0.05012090569355902
459,0,228,0.049825174825174824
459,0.25,916,0.20017482517482518
459,0.5,2289,0.5002185314685315
459,0.75,914,0.19973776223776224
459,1,229,0.050043706293706296
460,0,230,0.05008710801393728
460,0.25,916,0.1994773519163763
460,0.5,2299,0.5006533101045296
460,0.75,918,0.1999128919860627
460,1,229,0.049869337979094076
461,0,232,0.050140479792522154
461,0.25,924,0.19969742813918306
461,0.5,2314,0.5001080613788632
461,0.75,925,0.19991355089690943
461,1,232,0.050140479792522154
462,0,231,0.049945945945945945
462,0.25,926,0.20021621621621621
462,0.5,2312,0.49989189189189187
462,0.75,925,0.2
462,1,231,0.049945945945945945
463,0,229,0.04982593559617058
463,0.25,920,0.20017406440382943
463,0.5,2297,0.49978241949521324
463,0.75,920,0.20017406440382943
463,1,230,0.05004351610095736
464,0,227,0.04984628897672376
464,0.25,912,0.2002635046113307
464,0.5,2275,0.49956082564778215
464,0.75,912,0.2002635046113307
464,1,228,0.05006587615283267
465,0,224,0.049766718506998445
465,0.25,901,0.20017773828038213
465,0.5,2251,0.5001110864252388
465,0.75,900,0.19995556542990447
465,1,225,0.04998889135747612
466,0,225,0.049933422103861515
466,0.25,901,0.19995561473590767
466,0.5,2254,0.5002219263204616
466,0.75,901,0.19995561473590767
466,1,225,0.049933422103861515
467,0,226,0.050110864745011086
467,0.25,901,0.19977827050997782
467,0.5,2256,0.5002217294900222
467,0.75,902,0.2
467,1,225,0.04988913525498891
468,0,223,0.049743475351327233
468,0.25,900,0.20075842070042382
468,0.5,2239,0.4994423377202766
468,0.75,896,0.1998661610528664
468,1,225,0.050189605175105956
469,0,225,0.050100200400801605
469,0.25,898,0.19995546648853263
469,0.5,2245,0.49988866622133155
469,0.75,899,0.2001781340458695
469,1,224,0.04987753284346471
470,0,220,0.049965932318873495
470,0.25,880,0.19986372927549398
470,0.5,2202,0.5001135589370883
470,0.75,881,0.20009084714967068
470,1,220,0.049965932318873495
471,0,217,0.050034586119437396
471,0.25,869,0.20036891860733225
471,0.5,2165,0.4991929905464607
471,0.75,870,0.2005994927369149
471,1,216,0.049804011989854735
472,0,218,0.05025357307514984
472,0.25,866,0.1996311664361457
472,0.5,2169,0.5
472,0.75,869,0.20032272936837253
472,1,216,0.04979253112033195
473,0,217,0.049816345270890725
473,0.25,873,0.20041322314049587
473,0.5,2177,0.4997704315886134
473,0.75,871,0.19995408631772268
473,1,218,0.050045913682277315
474,0,220,0.0501024823502619
474,0.25,879,0.20018219084491004
474,0.5,2193,0.4994306536096561
474,0.75,879,0.20018219084491004
474,1,220,0.0501024823502619
475,0,222,0.05004508566275924
475,0.25,886,0.19972948602344454
475,0.5,2220,0.5004508566275925
475,0.75,886,0.19972948602344454
475,1,222,0.05004508566275924
476,0,224,0.05011185682326622
476,0.25,894,0.2
476,0.5,2233,0.49955257270693515
476,0.75,895,0.20022371364653244
476,1,224,0.05011185682326622
477,0,225,0.050144862937374635
477,0.25,896,0.1996879875195008
477,0.5,2243,0.4998885669712503
477,0.75,899,0.2003565856919991
477,1,224,0.0499219968798752
478,0,226,0.04990064031795098
478,0.25,907,0.20026495915213072
478,0.5,2263,0.49966880105983663
478,0.75,905,0.1998233605652462
478,1,228,0.0503422389048355
479,0,228,0.05013192612137203
479,0.25,911,0.20030782761653473
479,0.5,2270,0.49912049252418644
479,0.75,912,0.20052770448548812
479,1,227,0.04991204925241865
480,0,226,0.049790702797973124
480,0.25,910,0.2004846882573254
480,0.5,2267,0.49944921788940294
480,0.75,909,0.2002643754130866
480,1,227,0.05001101564221194
481,0,227,0.04983534577387486
481,0.25,912,0.20021953896816685
481,0.5,2276,0.49967069154774973
481,0.75,912,0.20021953896816685
481,1,228,0.050054884742041714
482,0,229,0.050087489063867015
482,0.25,914,0.199912510936133
482,0.5,2285,0.49978127734033245
482,0.75,915,0.2001312335958005
482,1,229,0.050087489063867015
483,0,230,0.05014170481796381
483,0.25,915,0.19947678221059517
483,0.5,2298,0.5009810333551341
483,0.75,915,0.19947678221059517
483,1,229,0.049923697405711794
484,0,235,0.05003193527783692
484,0.25,940,0.20012774111134768
484,0.5,2348,0.49989354907387695
484,0.75,939,0.19991483925910156
484,1,235,0.05003193527783692
485,0,230,0.05002174858634189
485,0.25,920,0.20008699434536756
485,0.5,2299,0.5
485,0.75,919,0.19986950848194868
485,1,230,0.05002174858634189
486,0,228,0.04979253112033195
486,0.25,916,0.20004367765887748
486,0.5,2292,0.5005459707359685
486,0.75,914,0.19960690107010265
486,1,229,0.05001091941471937
487,0,229,0.050087489063867015
487,0.25,914,0.199912510936133
487,0.5,2283,0.49934383202099736
487,0.75,918,0.20078740157480315
487,1,228,0.049868766404199474
488,0,228,0.049868766404199474
488,0.25,915,0.2001312335958005
488,0.5,2284,0.4995625546806649
488,0.75,917,0.2005686789151356
488,1,228,0.049868766404199474
489,0,228,0.05008787346221441
489,0.25,910,0.1999121265377856
489,0.5,2276,0.5
489,0.75,911,0.20013181019332163
489,1,227,0.049868189806678384
490,0,225,0.05002223210315696
490,0.25,900,0.20008892841262785
490,0.5,2250,0.5002223210315696
490,0.75,898,0.19964428634948866
490,1,225,0.05002223210315696
491,0,223,0.04997758852532497
491,0.25,892,0.19991035410129987
491,0.5,2232,0.5002241147467503
491,0.75,893,0.2001344688480502
491,1,222,0.04975347377857463
492,0,222,0.05013550135501355
492,0.25,884,0.1996386630532972
492,0.5,2217,0.5006775067750677
492,0.75,884,0.1996386630532972
492,1,221,0.0499096657633243
493,0,225,0.04987807581467524
493,0.25,904,0.2003990246065174
493,0.5,2254,0.49966747949456886
493,0.75,903,0.2001773442695633
493,1,225,0.04987807581467524
494,0,223,0.04986583184257603
494,0.25,896,0.2003577817531306
494,0.5,2236,0.5
494,0.75,894,0.19991055456171736
494,1,223,0.04986583184257603
495,0,225,0.05027932960893855
495,0.25,891,0.19910614525139664
495,0.5,2240,0.5005586592178771
495,0.75,896,0.20022346368715083
495,1,223,0.04983240223463687
496,0,224,0.05002233139794551
496,0.25,895,0.19986601161232692
496,0.5,2239,0.5
496,0.75,897,0.20031263957123716
496,1,223,0.049799017418490396
497,0,225,0.050066755674232306
497,0.25,900,0.20026702269692923
497,0.5,2245,0.4995549621717846
497,0.75,899,0.20004450378282154
497,1,225,0.050066755674232306
498,0,225,0.05003335557038025
498,0.25,900,0.200133422281521
498,0.5,2247,0.49966644429619744
498,0.75,901,0.2003557927507227
498,1,224,0.04981098510117856
499,0,223,0.049821268990169795
499,0.25,896,0.20017873100983022
499,0.5,2239,0.5002234137622877
499,0.75,895,0.19995531724754245
499,1,223,0.049821268990169795
500,0,222,0.049898853674983146
500,0.25,889,0.19982018431108114
500,0.5,2225,0.5001123848055743
500,0.75,890,0.2000449539222297
500,1,223,0.050123623286131715
501,0,222,0.04998874127448773
501,0.25,887,0.19972979058770546
501,0.5,2221,0.5001125872551228
501,0.75,889,0.20018013960819636
501,1,222,0.04998874127448773
502,0,223,0.05014616595457612
502,0.25,889,0.19991005172026086
502,0.5,2222,0.4996626939509782
502,0.75,891,0.2003597931189566
502,1,222,0.049921295255228246
503,0,222,0.05016949152542373
503,0.25,885,0.2
503,0.5,2213,0.5001129943502824
503,0.75,885,0.2
503,1,220,0.04971751412429379
504,0,221,0.04992093968827648
504,0.25,885,0.19990964535803027
504,0.5,2214,0.5001129433024621
504,0.75,885,0.19990964535803027
504,1,222,0.050146826293200816
505,0,221,0.050079311126217996
505,0.25,882,0.19986403806934058
505,0.5,2206,0.49988669839111716
505,0.75,883,0.20009064128710627
505,1,221,0.050079311126217996
506,0,222,0.05016949152542373
506,0.25,883,0.19954802259887006
506,0.5,2214,0.5003389830508475
506,0.75,884,0.19977401129943503
506,1,222,0.05016949152542373
507,0,224,0.05023547880690738
507,0.25,890,0.19959632204530164
507,0.5,2229,0.499887867234806
507,0.75,893,0.20026911863646557
507,1,223,0.050011213276519396
508,0,222,0.05004508566275924
508,0.25,887,0.19995491433724075
508,0.5,2217,0.49977457168620376
508,0.75,888,0.20018034265103696
508,1,222,0.05004508566275924
509,0,223,0.04996639032041228
509,0.25,890,0.1994174322204795
509,0.5,2235,0.5007842258570468
509,0.75,892,0.19986556128164912
509,1,223,0.04996639032041228
510,0,224,0.0499776885319054
510,0.25,894,0.1994645247657296
510,0.5,2244,0.500669344042838
510,0.75,896,0.1999107541276216
510,1,224,0.0499776885319054
511,0,223,0.049799017418490396
511,0.25,897,0.20031263957123716
511,0.5,2238,0.49977668602054487
511,0.75,896,0.20008932559178205
511,1,224,0.05002233139794551
512,0,223,0.050123623286131715
512,0.25,889,0.19982018431108114
512,0.5,2224,0.4998876151944257
512,0.75,891,0.2002697235333783
512,1,222,0.049898853674983146
513,0,222,0.04998874127448773
513,0.25,888,0.1999549650979509
513,0.5,2221,0.5001125872551228
513,0.75,888,0.1999549650979509
513,1,222,0.04998874127448773
514,0,223,0.05008984725965858
514,0.25,890,0.1999101527403414
514,0.5,2227,0.5002246181491464
514,0.75,889,0.19968553459119498
514,1,223,0.05008984725965858
515,0,223,0.050134892086330936
515,0.25,889,0.19986510791366907
515,0.5,2224,0.5
515,0.75,889,0.19986510791366907
515,1,223,0.050134892086330936
516,0,219,0.050034270047978065
516,0.25,874,0.19968014621887137
516,0.5,2190,0.5003427004797807
516,0.75,875,0.19990861320539183
516,1,219,0.050034270047978065
517,0,219,0.050034270047978065
517,0.25,874,0.19968014621887137
517,0.5,2191,0.5005711674663011
517,0.75,874,0.19968014621887137
517,1,219,0.050034270047978065
518,0,224,0.050134288272157566
518,0.25,891,0.19941808415398388
518,0.5,2236,0.5004476275738585
518,0.75,894,0.20008952551477172
518,1,223,0.04991047448522829
519,0,224,0.04993312527864467
519,0.25,897,0.1999554168524298
519,0.5,2243,0.5
519,0.75,898,0.20017833259028087
519,1,224,0.04993312527864467
520,0,225,0.050122521719759415
520,0.25,898,0.2000445533526398
520,0.5,2245,0.5001113833815994
520,0.75,897,0.19982178658944086
520,1,224,0.04989975495656048
521,0,225,0.04992234302196583
521,0.25,903,0.2003550033281562
521,0.5,2253,0.4998890614599512
521,0.75,901,0.19991124916796094
521,1,225,0.04992234302196583
522,0,226,0.05003320788133717
522,0.25,902,0.1996900597741864
522,0.5,2260,0.5003320788133717
522,0.75,903,0.19991144564976754
522,1,226,0.05003320788133717
523,0,223,0.04993282579489476
523,0.25,895,0.20040304523063143
523,0.5,2231,0.4995521719659651
523,0.75,894,0.20017913121361397
523,1,223,0.04993282579489476
524,0,225,0.05021200624860522
524,0.25,895,0.19973220263334077
524,0.5,2240,0.499888417763892
524,0.75,897,0.20017853157777282
524,1,224,0.0499888417763892
525,0,225,0.05008904719501336
525,0.25,896,0.19946571682991987
525,0.5,2249,0.5006678539626002
525,0.75,896,0.19946571682991987
525,1,226,0.05031166518254675
526,0,226,0.0499889404998894
526,0.25,906,0.20039814200398143
526,0.5,2258,0.49944702499447025
526,0.75,905,0.20017695200176952
526,1,226,0.0499889404998894
527,0,227,0.04982440737489025
527,0.25,914,0.20061457418788411
527,0.5,2275,0.49934152765583845
527,0.75,912,0.20017559262510976
527,1,228,0.05004389815627744
528,0,228,0.049912434325744305
528,0.25,915,0.20030647985989491
528,0.5,2282,0.4995621716287215
528,0.75,915,0.20030647985989491
528,1,228,0.049912434325744305
529,0,228,0.05004389815627744
529,0.25,912,0.20017559262510976
529,0.5,2276,0.4995610184372256
529,0.75,912,0.20017559262510976
529,1,228,0.05004389815627744
530,0,228,0.049967126890203814
530,0.25,914,0.20030681569143108
530,0.5,2280,0.4996712689020381
530,0.75,913,0.20008766162612315
530,1,228,0.049967126890203814
531,0,229,0.05023031366527747
531,0.25,912,0.20004386926957665
531,0.5,2277,0.49945163413029176
531,0.75,912,0.20004386926957665
531,1,229,0.05023031366527747
532,0,229,0.050065588106689984
532,0.25,914,0.19982509838216003
532,0.5,2288,0.5002186270222999
532,0.75,915,0.20004372540446
532,1,228,0.04984696108439003
533,0,229,0.049771788741577914
533,0.25,922,0.20039121930015213
533,0.5,2300,0.49989132797217994
533,0.75,920,0.199956531188872
533,1,230,0.049989132797218
534,0,230,0.05013077593722755
534,0.25,915,0.19943330427201394
534,0.5,2296,0.5004359197907585
534,0.75,918,0.2000871839581517
534,1,229,0.0499128160418483
535,0,229,0.049901939420353016
535,0.25,919,0.20026149487905862
535,0.5,2295,0.5001089561996077
535,0.75,916,0.19960775768141206
535,1,230,0.05011985181956853
536,0,230,0.04995655951346655
536,0.25,919,0.19960903562119894
536,0.5,2303,0.5002172024326672
536,0.75,923,0.20047784535186794
536,1,229,0.0497393570807993
537,0,230,0.04990236493816446
537,0.25,923,0.20026036016489476
537,0.5,2304,0.4998915165979605
537,0.75,921,0.19982642655673682
537,1,231,0.050119331742243436
538,0,234,0.050074898352236254
538,0.25,935,0.20008559811684143
538,0.5,2334,0.49946501176974106
538,0.75,936,0.20029959340894501
538,1,234,0.050074898352236254
539,0,231,0.05015197568389058
539,0.25,920,0.19973947025618757
539,0.5,2302,0.49978289188015634
539,0.75,924,0.2006079027355623
539,1,229,0.049717759444203216
540,0,231,0.04984894259818731
540,0.25,928,0.20025895554596462
540,0.5,2317,0.5
540,0.75,926,0.19982736296935694
540,1,232,0.050064738886491156
541,0,233,0.05007522028798624
541,0.25,929,0.19965613582634859
541,0.5,2328,0.5003223726627982
541,0.75,931,0.20008596604341286
541,1,232,0.04986030517945412
542,0,233,0.05
542,0.25,931,0.19978540772532188
542,0.5,2332,0.5004291845493563
542,0.75,931,0.19978540772532188
542,1,233,0.05
543,0,235,0.05018150758061072
543,0.25,935,0.19965833867179159
543,0.5,2342,0.5001067691650651
543,0.75,936,0.19987187700192185
543,1,235,0.05018150758061072
544,0,234,0.05009633911368015
544,0.25,933,0.19974309569685292
544,0.5,2337,0.5003211303789339
544,0.75,933,0.19974309569685292
544,1,234,0.05009633911368015
545,0,234,0.05016077170418006
545,0.25,932,0.19978563772775992
545,0.5,2334,0.5003215434083601
545,0.75,932,0.19978563772775992
545,1,233,0.04994640943193998
546,0,233,0.05013987518829352
546,0.25,929,0.19991392296105015
546,0.5,2324,0.5001075962986873
546,0.75,928,0.1996987303636755
546,1,233,0.05013987518829352
547,0,232,0.05010799136069115
547,0.25,925,0.19978401727861772
547,0.5,2316,0.5002159827213822
547,0.75,926,0.2
547,1,231,0.04989200863930886
548,0,232,0.04978540772532189
548,0.25,933,0.2002145922746781
548,0.5,2330,0.5
548,0.75,931,0.19978540772532188
548,1,234,0.05021459227467811
549,0,235,0.05002128565346956
549,0.25,939,0.19987228607918264
549,0.5,2350,0.5002128565346956
549,0.75,940,0.20008514261387825
549,1,234,0.04980842911877394
550,0,234,0.04991467576791809
550,0.25,939,0.20029863481228669
550,0.5,2344,0.5
550,0.75,936,0.19965870307167236
550,1,235,0.05012798634812287
551,0,235,0.05009592837348113
551,0.25,938,0.19995736516734172
551,0.5,2345,0.4998934129183543
551,0.75,939,0.20017053933063314
551,1,234,0.04988275421018973
552,0,234,0.04995730145175064
552,0.25,937,0.20004269854824935
552,0.5,2343,0.5002134927412468
552,0.75,935,0.19961571306575576
552,1,235,0.050170794192997435
553,0,233,0.04979696516349647
553,0.25,937,0.20025646505663602
553,0.5,2339,0.49989313955973497
553,0.75,936,0.200042744176106
553,1,234,0.0500106860440265
554,0,233,0.049967831867896204
554,0.25,932,0.19987132747158481
554,0.5,2333,0.5003216813210379
554,0.75,932,0.19987132747158481
554,1,233,0.049967831867896204
555,0,232,0.04978540772532189
555,0.25,935,0.20064377682403434
555,0.5,2327,0.4993562231759657
555,0.75,934,0.2004291845493562
555,1,232,0.04978540772532189
556,0,233,0.05015066724063711
556,0.25,928,0.19974171330176496
556,0.5,2324,0.5002152389151958
556,0.75,928,0.19974171330176496
556,1,233,0.05015066724063711
557,0,230,0.04982668977469671
557,0.25,924,0.2001733102253033
557,0.5,2309,0.5002166377816292
557,0.75,922,0.19974003466204507
557,1,231,0.050043327556325824
558,0,231,0.04993514915693904
558,0.25,926,0.2001729355814959
558,0.5,2312,0.49978383052313013
558,0.75,926,0.2001729355814959
558,1,231,0.04993514915693904
559,0,232,0.050075545003237645
559,0.25,927,0.2000863371465573
559,0.5,2315,0.4996762357004101
559,0.75,927,0.2000863371465573
559,1,232,0.050075545003237645
560,0,232,0.05003234850118611
560,0.25,928,0.20012939400474444
560,0.5,2318,0.49989217166271294
560,0.75,928,0.20012939400474444
560,1,231,0.04981669182661203
561,0,234,0.050021376656690895
561,0.25,935,0.19987174005985464
561,0.5,2340,0.500213766566909
561,0.75,935,0.19987174005985464
561,1,234,0.050021376656690895
562,0,235,0.05006391137622497
562,0.25,937,0.1996165317426502
562,0.5,2350,0.5006391137622497
562,0.75,937,0.1996165317426502
562,1,235,0.05006391137622497
563,0,235,0.049978732454274775
563,0.25,941,0.20012760527435133
563,0.5,2351,0.5
563,0.75,940,0.1999149298170991
563,1,235,0.049978732454274775
564,0,234,0.04974489795918367
564,0.25,942,0.2002551020408163
564,0.5,2353,0.5002125850340136
564,0.75,940,0.19982993197278912
564,1,235,0.04995748299319728
565,0,236,0.04989429175475687
565,0.25,947,0.20021141649048627
565,0.5,2365,0.5
565,0.75,946,0.2
565,1,236,0.04989429175475687
566,0,237,0.04998945370175069
566,0.25,947,0.19974688884201644
566,0.5,2371,0.5001054629824931
566,0.75,949,0.20016874077198904
566,1,237,0.04998945370175069
567,0,238,0.050021017234131986
567,0.25,951,0.19987389659520807
567,0.5,2381,0.5004203446826397
567,0.75,950,0.19966372425388818
567,1,238,0.050021017234131986
568,0,239,0.04997908824759515
568,0.25,957,0.2001254705144291
568,0.5,2391,0.5
568,0.75,955,0.19970723546633207
568,1,240,0.050188205771643665
569,0,239,0.04997908824759515
569,0.25,957,0.2001254705144291
569,0.5,2390,0.4997908824759515
569,0.75,957,0.2001254705144291
569,1,239,0.04997908824759515
570,0,240,0.050093926111458985
570,0.25,958,0.19995825506157378
570,0.5,2396,0.5001043623460656
570,0.75,958,0.19995825506157378
570,1,239,0.04988520141932791
571,0,241,0.05023973316656243
571,0.25,958,0.19970815092766311
571,0.5,2400,0.5003126954346466
571,0.75,959,0.1999166145507609
571,1,239,0.0498228059203669
572,0,239,0.0499895419368333
572,0.25,956,0.1999581677473332
572,0.5,2390,0.499895419368333
572,0.75,957,0.20016732901066722
572,1,239,0.0499895419368333
573,0,239,0.0499895419368333
573,0.25,957,0.20016732901066722
573,0.5,2390,0.499895419368333
573,0.75,956,0.1999581677473332
573,1,239,0.0499895419368333
574,0,240,0.05007302315877321
574,0.25,960,0.20029209263509284
574,0.5,2395,0.4996870436052577
574,0.75,957,0.19966617984560817
574,1,241,0.0502816607552681
